"judul","tanggal","url","gambar","content"
"Jadi Pembicara dalam SUSBANPIM VIII, Menteri Nusron: Good Governance Dimulai dari Disiplin, Pembagian Tugas, dan Tata Kelola yang Jelas","15/05/2026","https://www.atrbpn.go.id/berita/jadi-pembicara-dalam-susbanpim-viii-menteri-nusron-good-governance-dimulai-dari-disiplin-pembagian-tugas-dan-tata-kelola-yang-jelas","https://www.atrbpn.go.id/assets/217649e0-3233-4c66-bbb4-933523ad51d0","​Semarang - Menteri Agraria dan Tata Ruang/Kepala Badan Pertanahan Nasional (ATR/BPN), Nusron Wahid menjadi pembicara dalam Kursus Banser Pimpinan (SUSBANPIM) Angkatan VIII di Kabupaten Semarang pada Kamis (14/05/2026). Di momen ini, Menteri Nusron menyampaikan materi terkait strategi penguatan goodgovernance dan sumber daya manusia (SDM) dalam organisasi. Dua hal itu adalah fondasi utama organisasi agar mampu memberikan pelayanan optimal bagi masyarakat.

“Kalau kita bicara good governance dan tata kelola, teorinya banyak, tapi intinya ada tiga. Pertama disiplin, kedua pembagian tugas yang jelas, dan ketiga lakukan apa yang ditulis serta tulis apa yang bisa dilakukan,” ujar Menteri Nusron di Pusat Pendidikan Pembinaan Masyarakat Lembaga Pendidikan dan Pelatihan Kepolisian Negara Republik Indonesia (Pusdik Binmas Lemdiklat Polri), Semarang.

Di hadapan 105 kader BANSER (Barisan Ansor Serbaguna) dari berbagai wilayah, Menteri Nusron menjelaskan bahwa organisasi membutuhkan aturan main yang jelas agar setiap fungsi berjalan sesuai peran masing-masing. Organisasi harus memiliki sistem, standar operasional prosedur (SOP), serta mekanisme pengawasan dan pelaporan yang tertata dengan baik.

“Tata kelola itu sebetulnya aturan main, goodgovernance, corporate governance. Jangan mimpi organisasi maju kalau tidak punya tata kelola yang baik,” tegas Menteri Nusron.

Bukan hanya tata kelola yang baik, unsur SDM juga tidak kalah penting dalam pengembangan organisasi. Pendelegasian kewenangan (delegation of authority) disebut Menteri Nusron adalah hal yang perlu diperhatikan agar organisasi tidak terlalu bergantung pada satu figur pemimpin. Distribusi kewenangan yang sehat akan memperkuat efektivitas organisasi dan meningkatkan rasa tanggung jawab di setiap tingkatan.

“Prinsipnya, tidak boleh kekuasaan berpusat di satu orang, dibagi masing-masing agar semuanya memegang peranan. Misal pimpinan pusat memberikan guidance atau petunjuk. Di bawahnya ada kewenangan masing-masing cabang,” jelas Menteri Nusron.

Ia juga mengingatkan pentingnya membangun kesepakatan bersama sebagai fondasi utama organisasi. Kesepahaman mengenai arah dan prioritas bersama tersebut dinilai menjadi kunci untuk menciptakan sistem organisasi yang kuat, solid, dan terhindar dari konflik kepentingan.

“Ketika masuk dalam satu komunitas organisasi, maka yang paling penting adalah apa yang didahulukan dalam kepentingan organisasi. Tentunya kepentingan pertama adalah kepentingan negara dan agama, kemudian kepentingan organisasi, baru kepentingan individu. Kata kuncinya adalah kita mencari kemanfaatan untuk kebesaran organisasi,” pungkas Menteri ATR/Kepala BPN dalam kegiatan yang berlangsung pada Selasa-Sabtu, 12 s.d. 17 Mei 2026 ini. (AR/RZ)

#KementerianATRBPN
#MelayaniProfesionalTerpercaya
#MajuDanModern
#MenujuPelayananKelasDunia

Biro Hubungan Masyarakat dan Protokol
Kementerian Agraria dan Tata Ruang/
Badan Pertanahan Nasional

X: x.com/kem_atrbpn
Instagram: instagram.com/kementerian.atrbpn/
Fanpage facebook: facebook.com/kementerianATRBPN
Youtube: youtube.com/KementerianATRBPN
TikTok: tiktok.com/@kementerian.atrbpn
Situs: atrbpn.go.id
PPID: ppid.atrbpn.go.id
WhatsApp Pengaduan: 0811-1068-0000"
"Beda Fungsi dan Kegunaan, Pahami Perbedaan Pengecekan Sertipikat dan SKPT","15/05/2026","https://www.atrbpn.go.id/berita/beda-fungsi-dan-kegunaan-pahami-perbedaan-pengecekan-sertipikat-dan-skpt","https://www.atrbpn.go.id/assets/f21befb5-0d3f-45f5-b7a7-48432e492245","Jakarta - Kementerian Agraria dan Tata Ruang/Badan Pertanahan Nasional (ATR/BPN) mengingatkan masyarakat untuk memahami perbedaan layanan pengecekan sertipikat dan Surat Keterangan Pendaftaran Tanah (SKPT). Kedua layanan tersebut memiliki fungsi berbeda dan digunakan sesuai kebutuhan dalam administrasi pertanahan.

“Dengan memahami perbedaan pengecekan sertipikat dan SKPT, masyarakat dapat memilih layanan yang sesuai kebutuhan serta terhindar dari kekeliruan dalam pengurusan administrasi pertanahan,” ujar Direktur Pengaturan Pendaftaran Tanah dan Ruang, PPAT dan Mitra Kerja, Kementerian Agraria dan Tata Ruang/Badan Pertanahan Nasional (ATR/BPN), Ana Anida dalam keterangannya.

Pengecekan sertipikat merupakan layanan untuk memastikan keaslian dan kesesuaian data sertipikat dengan data yang tercatat di Kantor Pertanahan. Layanan ini khusus diajukan oleh Pejabat Pembuat Akta Tanah (PPAT) sebelum membuat akta pemindahan hak atau akta pembebanan hak.

Melalui pengecekan sertipikat, PPAT dapat mengetahui apakah data fisik dan yuridis pada sertipikat telah sesuai dengan buku tanah, surat ukur, serta dokumen pendaftaran yang tersimpan di Kantor Pertanahan. Layanan ini penting untuk meminimalisir risiko terjadinya sengketa sebelum dilakukan pemindahan hak atau pembebanan hak.

Sementara itu, SKPT adalah dokumen resmi yang memuat keterangan mengenai suatu bidang tanah yang terdaftar, termasuk status hak, identitas pemegang hak, serta catatan lain yang tercantum dalam administrasi pertanahan. SKPT dibutuhkan untuk kepentingan lelang maupun untuk penyajian informasi data fisik dan yuridis suatu bidang tanah.

""SKPT untuk kepentingan lelang dapat dimohonkan oleh Kepala Kantor Pelayanan Kekayaan Negara dan Lelang (KPKNL), sedangkan SKPT untuk penyajian informasi dapat dimohonkan oleh pihak yang berkepentingan dengan melampirkan bukti hubungan hukum terhadap bidang tanah yang dimohonkan,"" terang Ana Anida.

Dengan demikian, pengecekan sertipikat berfokus pada verifikasi sertipikat yang dimiliki oleh pemohon untuk keperluan PPAT sebelum membuat akta pemindahan hak atau pembebanan hak, sementara SKPT merupakan surat keterangan resmi yang menjelaskan data pendaftaran tanah atas suatu bidang tanah baik untuk keperluan lelang maupun penyajian informasi bagi pihak yang berkepentingan. Setelah memahami perbedaan dua hal tersebut, masyarakat diharapkan bisa menyesuaikan layanan yang diajukan dengan kebutuhannya secara tepat. (AR/JR)

#KementerianATRBPN
#MelayaniProfesionalTerpercaya
#MajuDanModern
#MenujuPelayananKelasDunia

Biro Hubungan Masyarakat dan Protokol
Kementerian Agraria dan Tata Ruang/
Badan Pertanahan Nasional

X: x.com/kem_atrbpn
Instagram: instagram.com/kementerian.atrbpn/
Fanpage facebook: facebook.com/kementerianATRBPN
Youtube: youtube.com/KementerianATRBPN
TikTok: tiktok.com/@kementerian.atrbpn
Situs: atrbpn.go.id
PPID: ppid.atrbpn.go.id
WhatsApp Pengaduan: 0811-1068-0000"
"Sertipikat Tanah Ulayat Jadi Benteng Nagari dalam Menjaga Kepemilikan Adat","15/05/2026","https://www.atrbpn.go.id/berita/sertipikat-tanah-ulayat-jadi-benteng-nagari-dalam-menjaga-kepemilikan-adat","https://www.atrbpn.go.id/assets/35cbd22a-b709-4462-8935-e55caa7dc38a","Lima Puluh Kota - Sertipikat tanah ulayat menjadi pegangan penting bagi masyarakat adat di Sumatera Barat dalam menjaga aset nagari agar tetap terlindungi dan dapat diwariskan kepada generasi berikutnya. Bagi masyarakat Nagari Sitapa di Kabupaten Lima Puluh Kota, kepastian hukum atas tanah ulayat sangatlah memperkuat posisi ninik mamak dalam melindungi tanah adat dari berbagai potensi permasalahan.

Ketua Kerapatan Adat Nagari (KAN) Sitapa, Kabupaten Lima Puluh Kota, Datuk Paduko Mogek Yosef Purnama menceritakan pengalaman yang menjadi pelajaran besar bagi masyarakat adat tentang pentingnya perlindungan hukum atas tanah ulayat.

Pada masa pandemi Covid-19, hutan di wilayah nagarinya banyak ditebangi kaumnya. Kondisi ekonomi yang sulit kala itu membuat masyarakat memanfaatkan hutan pinus secara tak terkendali. Situasi tersebut menjadi pukulan berat bagi masyarakat adat yang selama ini menjaga tanah ulayat sebagai warisan bersama nagari.

“Kami sudah mencoba berbagai cara, mulai dari sosialisasi, pendekatan secara adat, sampai membujuk anak kemenakan supaya tidak memanfaatkan aset nagari secara berlebihan. Tapi, waktu itu situasinya memang sulit karena banyak masyarakat kehilangan pekerjaan dan penghasilan,” ujar Yosef Purnama.

Di balik posisinya sebagai pemimpin adat, Yosef Purnama mengaku keputusan yang diambil saat itu bukan perkara mudah. Para ninik mamak bahkan harus menempuh langkah hukum demi melindungi tanah ulayat mereka sendiri. “Kami menangis semua. Sebagai anak nagari tentu rasanya ini kerugian besar bagi kami. Tetapi tanah ulayat harus tetap dijaga karena itu milik bersama anak kemenakan, bukan untuk habis hari ini saja,” tuturnya.

Pengalaman tersebut menjadi titik balik bagi masyarakat adat Nagari Sitapa untuk memperkuat perlindungan tanah ulayat melalui kepastian hukum. Yosef Purnama menuturkan, saat proses penanganan berlangsung, masyarakat adat sempat menghadapi kendala karena belum kuatnya pembuktian subjek hak atas tanah ulayat yang mereka kelola secara turun-temurun.

Kini, sertipikat tanah ulayat menjadi pegangan baru bagi masyarakat adat Nagari Sitapa dalam menjaga aset nagari. “Dengan adanya sertipikat tanah ulayat ini, sekarang niniak mamak bisa melindungi tanah ulayat karena telah memiliki kepastian hukum bahwa tanah ini memang tanah ulayat kami,” kata Yosef Putnama.

Bagi masyarakat Nagari Sitapa, sertipikat tanah ulayat bukan sekadar dokumen administrasi pertanahan. Lebih dari itu, sertipikat menjadi simbol pengakuan negara terhadap keberadaan masyarakat adat sekaligus benteng bagi nagari untuk menjaga warisan leluhur agar tetap dapat dimanfaatkan oleh generasi berikutnya. (JM/RZ)

#KementerianATRBPN
#MelayaniProfesionalTerpercaya
#MajuDanModern
#MenujuPelayananKelasDunia

Biro Hubungan Masyarakat dan Protokol
Kementerian Agraria dan Tata Ruang/
Badan Pertanahan Nasional

X: x.com/kem_atrbpn
Instagram: instagram.com/kementerian.atrbpn/
Fanpage facebook: facebook.com/kementerianATRBPN
Youtube: youtube.com/KementerianATRBPN
TikTok: tiktok.com/@kementerian.atrbpn
Situs: atrbpn.go.id
PPID: ppid.atrbpn.go.id
WhatsApp Pengaduan: 0811-1068-0000"
"Rakor Bersama para Kepala Daerah di Kalsel, Menteri Nusron: Penentuan Lokasi LP2B Menjadi Kewenangan Daerah","14/05/2026","https://www.atrbpn.go.id/berita/rakor-bersama-para-kepala-daerah-di-kalsel-menteri-nusron-penentuan-lokasi-lp2b-menjadi-kewenangan-daerah","https://www.atrbpn.go.id/assets/d462dfc2-2a7a-402d-85e0-80178cae2484","Jakarta - Kementerian Agraria dan Tata Ruang/Badan Pertanahan Nasional (ATR/BPN) menggelar Rapat Koordinasi (Rakor) bersama bupati dan wakil bupati se-Kalimantan Selatan, di Kementerian ATR/BPN, Jakarta pada Rabu (13/05/2026). Salah satu pesan yang Menteri ATR/Kepala BPN, Nusron Wahid, tekankan dalam Rakor tersebut adalah soal kewenangan pemerintah daerah dalam penetapan kebijakan Lahan Pertanian Pangan Berkelanjutan (LP2B).

“Pada prinsipnya, yang penting bagi pemerintah pusat adalah angka 87% LP2B tersebut terpenuhi. Adapun lokasi dan bidang mana saja yang akan ditetapkan sebagai LP2B, itu menjadi kewenangan kepala daerah,” ujar Menteri ATR/Kepala BPN.

Pelaksanaan LP2B perlu dikawal agar berjalan seimbang antara visi menjaga ketahanan pangan dan kebutuhan pembangunan di daerah. Menteri Nusron menyatakan bahwa pemerintah daerah memiliki pemahaman yang lebih baik terhadap kondisi wilayahnya. Rakor yang diadakan kali ini menjadi salah satu upaya memperkuat koordinasi antara pemerintah pusat dan daerah, termasuk soal penentuan lokasi LP2B yang perlu disesuaikan dengan karakteristik dan rencana pembangunan masing-masing daerah.

“Koordinasi antara pemerintah pusat dan daerah sangat penting. Melalui pertemuan ini, saya berharap kita dapat menyamakan persepsi dan bersama-sama menyelesaikan berbagai persoalan yang perlu segera diputuskan,” tutur Menteri Nusron.

Dalam Rakor yang dihadiri pimpinan daerah di Kalsel ini, Menteri Nusron juga menyoroti pentingnya penyelesaian kawasan perkebunan sawit yang belum memiliki legalitas lengkap. Mengingat cukup banyaknya kawasan perkebunan sawit di wilayah tersebut, ia meminta pemerintah daerah aktif berkoordinasi dengan dinas terkait agar perusahaan perkebunan segera mengurus Hak Guna Usaha (HGU).

“Dalam Undang-Undang Perkebunan disebutkan bahwa setiap pelaku usaha perkebunan wajib memiliki izin usaha dan HGU. Karena itu, langkah terbaik adalah segera mengurus HGU-nya agar status lahannya jelas,” tegas Menteri ATR/Kepala BPN.

Pada kesempatan ini, para bupati dan wakil bupati yang hadir memaparkan dan menyampaikan aspirasi kebutuhan pengembangan wilayahnya. Beberapa hal yang diutarakan antara lain kebutuhan dukungan dalam penyusunan Rencana Detail Tata Ruang (RDTR), kebutuhan tambahan kuota Pendaftaran Tanah Sistematis Lengkap (PTSL), dan terkait sertipikasi kawasan perumahan guna mendukung target nasional pembangunan tiga juta rumah. Menteri Nusron menyimak dan menampung aspirasi yang disampaikan para pemimpin daerah dalam Rakor ini.

Dalam kesempatan yang sama, Ketua Komisi II Dewan Perwakilan Rakyat Republik Indonesia (DPR RI), M. Rifqinizamy Karsayuda, menyampaikan harapannya agar Kementerian ATR/BPN terus memberikan dukungan terhadap pembangunan daerah. Ia meyakini koordinasi yang baik juga bisa jadi kunci penyelesaian berbagai persoalan pertanahan di Kalsel.

“Yang paling penting adalah bagaimana kita dapat membangun kesepahaman dan memperkuat kerja sama di antara kita semua. Kami berharap pertemuan ini dapat memperkuat sinergi pemerintah pusat dan daerah, khususnya dalam penyelesaian isu pertanahan dan tata ruang serta percepatan pembangunan di Kalimantan Selatan,” ujar M. Rifqinizamy Karsayuda yang berperan sebagai pimpinan dalam Rakor kali ini.

Hadir mendampingi Menteri ATR/Kepala BPN dalam Rakor ini, Direktur Jenderal (Dirjen) Tata Ruang, Suyus Windayana; Dirjen Penetapan Hak dan Pendaftaran Tanah, Asnaedi; serta Dirjen Penanganan Sengketa dan Konflik Pertanahan, Iljas Tedjo Prijono. Turut hadir mengikuti Rakor ini, Bupati/Wakil Bupati Barito Kuala, Hulu Sungai Tengah, Hulu Sungai Selatan, Hulu Sungai Utara, Balangan, Banjar, Tabalong, dan Tapin. (SG/JR)

#KementerianATRBPN
#MelayaniProfesionalTerpercaya
#MajuDanModern
#MenujuPelayananKelasDunia

Biro Hubungan Masyarakat dan Protokol
Kementerian Agraria dan Tata Ruang/
Badan Pertanahan Nasional

X: x.com/kem_atrbpn
Instagram: instagram.com/kementerian.atrbpn/
Fanpage facebook: facebook.com/kementerianATRBPN
Youtube: youtube.com/KementerianATRBPN
TikTok: tiktok.com/@kementerian.atrbpn
Situs: atrbpn.go.id
PPID: ppid.atrbpn.go.id
WhatsApp Pengaduan: 0811-1068-0000"
"Integrasi Sertipikat Elektronik dan Aplikasi Sentuh Tanahku Berikan Manfaat Lebih dalam Transaksi Pertanahan","13/05/2026","https://www.atrbpn.go.id/berita/integrasi-sertipikat-elektronik-dan-aplikasi-sentuh-tanahku-berikan-manfaat-lebih-dalam-transaksi-pertanahan","https://www.atrbpn.go.id/assets/f1b0836c-60d9-490f-bed9-bd183bf265e3","​Jakarta - Transformasi digital dalam bidang pertanahan tidak hanya menghadirkan kemudahan layanan, tetapi juga memperkuat sistem keamanan setiap transaksi pertanahan. Melalui implementasi Sertipikat Elektronik yang terintegrasi dengan aplikasi Sentuh Tanahku, Kementerian Agraria dan Tata Ruang/Badan Pertanahan Nasional (ATR/BPN) memastikan proses verifikasi data pertanahan kini dilakukan secara lebih akurat, transparan, dan minim risiko manipulasi.

“Ketika akan membuat akta jual beli, Pejabat Pembuat Akta Tanah (PPAT) wajib memindai barcode yang ada di Sertipikat Elektronik. Sistem kami lalu akan mengeluarkan secret code. Kode ini hanya bisa diakses melalui pemindaian dokumen digital (melalui Sentuh Tanahku) dan tidak tersedia pada dokumen cetak,” jelas Kepala Pusat Data dan Informasi (Kapusdatin) Kementerian ATR/BPN, I Gede Ketut Ary Sucaya, dalam keterangannya pada Rabu (13/05/2026).

Secret code atau e-code akan tertera pada Sertipikat Elektronik yang muncul di dalam aplikasi Sentuh Tanahku setelah pemindaianan barcode dilakukan. Posisi e-code berada di bagian kanan atas tampilan Sertipikat Elektronik.

Sejak Sertipikat Elektronik diterapkan, proses verifikasi digital menjadi tahap yang wajib dilakukan PPAT dalam setiap proses pembuatan akta jual beli. PPAT tidak lagi hanya mengandalkan pemeriksaan dokumen fisik, namun juga wajib mencocokkannya dengan data digital yang tersimpan dalam Sentuh Tanahku.

Data yang perlu dicocokkan antara lain data bidang tanah beserta informasi kepemilikan tanah. Mekanisme validasi berlapis ini menjadi pengaman tambahan untuk memastikan keaslian data sekaligus menutup ruang terjadinya pemalsuan maupun manipulasi dokumen saat masyarakat hendak melakukan jual beli tanah.

“PPAT harus benar-benar memeriksa data digital kita. Jadi tidak hanya sekadar membaca buku tanah hasil cetakannya. Setelah itu akan dicocokkan, apakah benar elemen-elemen yang ada di sertipikat cetak sama dengan yang ada di elektronik, di data digital,” ujar I Gede Ketut Ary Sucaya.

Sertipikat Elektronik yang terintegrasi dengan aplikasi Sentuh Tanahku pada akhirnya memperkuat aspek keamanan, transparansi, serta akuntabilitas dalam layanan pertanahan. Digitalisasi ini diharapkan mampu meningkatkan kepercayaan masyarakat terhadap sistem digital yang dikembangkan oleh Kementerian ATR/BPN. “Benar-benar untuk mempermudah masyarakat,” pungkas I Gede Ketut Ary Sucaya. (GE/CK)

#KementerianATRBPN
#MelayaniProfesionalTerpercaya
#MajuDanModern
#MenujuPelayananKelasDunia

Biro Hubungan Masyarakat dan Protokol
Kementerian Agraria dan Tata Ruang/
Badan Pertanahan Nasional

X: x.com/kem_atrbpn
Instagram: instagram.com/kementerian.atrbpn/
Fanpage facebook: facebook.com/kementerianATRBPN
Youtube: youtube.com/KementerianATRBPN
TikTok: tiktok.com/@kementerian.atrbpn
Situs: atrbpn.go.id
PPID: ppid.atrbpn.go.id
WhatsApp Pengaduan: 0811-1068-0000"
"Tawarkan Sembilan Program Kerja Sama dengan KPK, Sahli ATR/BPN Ungkap Keuntungan bagi Pemerintah Daerah Se-Sulut","13/05/2026","https://www.atrbpn.go.id/berita/tawarkan-sembilan-program-kerja-sama-dengan-kpk-sahli-atrbpn-ungkap-keuntungan-bagi-pemerintah-daerah-se-sulut","https://www.atrbpn.go.id/assets/c77bfbcc-619b-440a-9111-3764e833337d","Manado - Kementerian Agraria dan Tata Ruang/Badan Pertanahan Nasional (ATR/BPN) bersama Komisi Pemberantasan Korupsi (KPK) mendorong pencegahan korupsi dan penguatan ekonomi daerah melalui transformasi pelayanan publik bidang pertanahan dan tata ruang. Transformasi dibawa melalui sembilan program kerja sama yang dilakukan melibatkan pemerintah daerah se-Sulawesi Utara. Staf Ahli Bidang Partisipasi Masyarakat dan Pemerintah Daerah, Andi Tenri Abeng mengatakan, kerja sama tersebut dapat menghasilkan sejumlah keuntungan bagi pemerintah daerah setempat.

“Kegiatan ini sangat bermanfaat dan kami yakin kalau sembilan program yang kita usung untuk kerja sama ini pasti akan meningkatkan pendapatan asli daerah di sini, kemudian meningkatkan akuntabilitas, juga penyelesaian sertipikasi aset di daerah,” ujar Staf Ahli Bidang Partisipasi Masyarakat dan Pemerintah Daerah Kementerian ATR/BPN, Andi Tenri Abeng, usai Rapat Koordinasi (Rakor) Optimalisasi Kerja Sama Kementerian ATR/BPN, KPK, dan Pemerintah Daerah (Pemda) se-Sulut, di Wisma Negara Sulut, Selasa, (12/05/2026).

Sembilan program yang menjadi wujud kerja sama antara Kementerian ATR/BPN, KPK, dan Pemda, di antaranya meliputi integrasi Nomor Identifikasi Bidang (NIB) Tanah dengan Nomor Objek Pajak (NOP), integrasi layanan pertanahan dengan Mal Pelayanan Publik, serta percepatan pendaftaran tanah.

Selain itu, kerja sama juga difokuskan pada percepatan penyusunan Rencana Detail Tata Ruang (RDTR) yang terintegrasi dengan sistem Online Single Submission (OSS), pelaksanaan sensus pertanahan berbasis geospasial, serta integrasi Kawasan Pertanian Pangan Berkelanjutan/Lahan Pertanian Pangan Berkelanjutan (KP2B/LP2B) ke dalam Rencana Tata Ruang Wilayah (RTRW). Program lainnya mencakup optimalisasi peran Gugus Tugas Reforma Agraria (GTRA), pengembangan dan pemanfaatan Zona Nilai Tanah (ZNT), serta konsolidasi tanah untuk mendukung pembangunan daerah.

Andi Tenri Abeng mengatakan, seluruh provinsi di Sulawesi yang telah menjadi lokasi pelaksanaan program menunjukkan antusiasme tinggi dari pemerintah daerah. Menurutnya, dukungan kepala daerah menjadi faktor penting dalam keberhasilan implementasi program transformasi layanan pertanahan tersebut. “Dengan semangat Pak Gubernur saja, itu sudah bentuk dukungan yang paling kami rasa membuat bupati, wali kota juga semuanya semangat. Mudah-mudahan ini bisa berjalan,” lanjut Andi Tenri Abeng.

Gubernur Sulawesi Utara, Mayjen TNI (Purn.) Yulius Selvanus Komaling, menyambut baik pertemuan tiga pihak ini. Ia menilai, forum ini bukan lagi sekadar koordinasi, melainkan langkah konkret untuk menyelesaikan berbagai persoalan pertanahan yang selama ini dihadapi pemerintah daerah.

“Ini bukan koordinasi lagi sebenarnya, ini sudah finalisasi dalam rangka keluhan-keluhan kami selama ini pemerintah daerah. Dan hari ini kami sudah mendapatkan solusinya,” ujar Yulius Selvanus Komaling.

Gubernur Sulawesi Utara berharap, persoalan pertanahan, khususnya sertipikasi aset pemerintah daerah yang belum tuntas dapat segera dituntaskan. Ia juga berharap potensi konflik dan sengketa di masa mendatang dapat diminimalkan. Karena itu, ia meminta seluruh pemerintah kabupaten/kota segera berkoordinasi dengan Kantor Wilayah BPN dan Kantor Pertanahan di daerah masing-masing untuk menindaklanjuti hasil rakor ini. (LS/YZ)

#KementerianATRBPN
#MelayaniProfesionalTerpercaya
#MajuDanModern
#MenujuPelayananKelasDunia

Biro Hubungan Masyarakat dan Protokol
Kementerian Agraria dan Tata Ruang/
Badan Pertanahan Nasional

X: x.com/kem_atrbpn
Instagram: instagram.com/kementerian.atrbpn/
Fanpage facebook: facebook.com/kementerianATRBPN
Youtube: youtube.com/KementerianATRBPN
TikTok: tiktok.com/@kementerian.atrbpn
Situs: atrbpn.go.id
PPID: ppid.atrbpn.go.id
WhatsApp Pengaduan: 0811-1068-0000"
"Perdana Dirasakan Warga Kabupaten Tangerang, Urus Roya dan Waris Selesai dalam Lima Menit","12/05/2026","https://www.atrbpn.go.id/berita/perdana-dirasakan-warga-kabupaten-tangerang-urus-roya-dan-waris-selesai-dalam-lima-menit","https://www.atrbpn.go.id/assets/033d9f06-23a3-4372-9396-5e428c3e232e","​Kabupaten Tangerang - Sebagai bentuk inovasi dalam peningkatan kualitas layanan pertanahan, Kantor Pertanahan (Kantah) Kabupaten Tangerang resmi meluncurkan Layanan Roya dan Waris Lima Menit Selesai (LARIS MANIS) pada Senin (11/05/2026). Melalui inovasi ini, layanan roya atau penghapusan hak tanggungan yang umumnya baru selesai dalam hitungan hari, kini dapat diselesaikan dalam hitungan menit.

“Awalnya saya pikir proses roya akan memakan waktu lama. Namun, ternyata prosesnya cepat dan pelayanannya bagus, bahkan hanya sekitar empat menit saja dengan LARIS MANIS,” ujar Darmin (45), warga Kecamatan Tigaraksa, Kabupaten Tangerang yang mencoba langsung LARIS MANIS sesaat setelah peluncuran berakhir.

LARIS MANIS merupakan layanan roya dan waris lima menit selesai yang diperuntukkan bagi pemohon langsung tanpa kuasa, termasuk kelompok rentan, seperti lansia, penyandang disabilitas, dan ibu hamil. Waktu penyelesaian layanan selama lima menit dihitung setelah pemohon melakukan pembayaran Surat Perintah Setor (SPS).

Melalui tahap pra-layanan, masyarakat dapat mendaftarkan permohonan secara online tanpa perlu datang langsung ke Kantah melalui laman https://larismanis-bpnkabtang.id/. Selanjutnya, pemohon dapat mengunggah dokumen persyaratan untuk dilakukan validasi, verifikasi data yuridis dan spasial, alih media dokumen elektronik, hingga penerbitan Surat Tanda Terima Dokumen (STTD). Setelah berkas dinyatakan lengkap, pemohon cukup datang sesuai jadwal untuk menyerahkan dokumen fisik dan melakukan pembayaran SPS.

Setelah mencoba LARIS MANIS, Darmin menilai pelayanan pertanahan saat ini jauh lebih mudah dibandingkan anggapan masyarakat selama ini. Setelah SPS diterbitkan, proses layanan dapat diselesaikan dalam waktu singkat.

“Selama ini mungkin masih ada anggapan bahwa mengurus di BPN itu ribet dan sulit. Padahal berdasarkan pengalaman saya sendiri, pelayanannya baik, nyaman, dan tidak susah. Saya juga bisa mengurus sendiri tanpa harus menggunakan jasa pihak ketiga,” tutur Darmin.

Inspektur Wilayah II sekaligus Pelaksana Harian (Plh.) Sekretaris Inspektorat Jenderal Kementerian ATR/BPN, Tri Wibisono, dalam keterangannya usai meluncurkan LARIS MANIS, menjelaskan latar belakang diusungnya inovasi ini adalah untuk menghadirkan layanan pertanahan yang lebih cepat, mudah, dan efisien bagi masyarakat. Khususnya, pada layanan roya dan waris yang jumlah permohonannya terus meningkat di Kabupaten Tangerang. Inovasi ini juga menjadi langkah dalam memperkuat kualitas pelayanan publik serta mendukung pembangunan Zona Integritas di Kantah Kabupaten Tangerang.

“Dengan hadirnya layanan ini, masyarakat diharapkan dapat memperoleh pelayanan yang lebih praktis tanpa harus berkali-kali datang ke Kantah sehingga waktu dan biaya yang dikeluarkan menjadi lebih ringan,” ungkap Inspektur Wilayah II.

Untuk mendukung optimalisasi LARIS MANIS, Kepala Kantah Kabupaten Tangerang, Febri Effendi, berkomitmen akan terus melakukan sosialisasi kepada masyarakat melalui pemerintah daerah, camat, kepala desa, hingga RT dan RW. Dengan begitu, mekanisme layanan tersebut bisa dipahami dan dimanfaatkan semaksimal mungkin oleh masyarakat.

“Kami berharap layanan ini mampu menghadirkan pelayanan pertanahan yang lebih mudah, cepat, pasti, dan sederhana bagi masyarakat. Apabila dalam pelaksanaannya masih terdapat kekurangan, kami akan terus melakukan penyempurnaan dan evaluasi dalam tiga bulan ke depan agar manfaatnya benar-benar dirasakan masyarakat Kabupaten Tangerang,” pungkas Febri Effendi.

Dalam kesempatan ini, hadir Kepala Kantor Wilayah (Kanwil) BPN Provinsi Banten, Harison Mocodompis; Kepala Ombudsman Republik Indonesia Perwakilan Banten, Fadli Afriandi; serta sejumlah jajaran pemerintah daerah di Kabupaten Tangerang. (SG/JR)

#KementerianATRBPN
#MelayaniProfesionalTerpercaya
#MajuDanModern
#MenujuPelayananKelasDunia

Biro Hubungan Masyarakat dan Protokol
Kementerian Agraria dan Tata Ruang/
Badan Pertanahan Nasional

X: x.com/kem_atrbpn
Instagram: instagram.com/kementerian.atrbpn/
Fanpage facebook: facebook.com/kementerianATRBPN
Youtube: youtube.com/KementerianATRBPN
TikTok: tiktok.com/@kementerian.atrbpn
Situs: atrbpn.go.id
PPID: ppid.atrbpn.go.id
WhatsApp Pengaduan: 0811-1068-0000"
"Tandatangani Nota Kesepahaman dengan Pemerintah Provinsi Aceh, Sekjen ATR/BPN: Perkuat Tata Kelola Pertanahan","12/05/2026","https://www.atrbpn.go.id/berita/tandatangani-nota-kesepahaman-dengan-pemerintah-provinsi-aceh-sekjen-atrbpn-perkuat-tata-kelola-pertanahan","https://www.atrbpn.go.id/assets/4deb6a6a-f642-4710-bd26-ea854e22b5ec","​Jakarta - Kementerian Agraria dan Tata Ruang/Badan Pertanahan Nasional (ATR/BPN) melangsungkan penandatanganan Nota Kesepahaman (MoU) dengan Pemerintah Provinsi Aceh dalam rangka Sinergi Bidang Agraria, Pertanahan, dan Tata Ruang pada Selasa (12/05/2026) di Kantor Kementerian ATR/BPN, Jakarta. Penandatanganan yang diwakili oleh Sekretaris Jenderal (Sekjen) ATR/BPN, Dalu Agung Darmawan ini menjadi langkah awal penguatan tata kelola agraria dan pertanahan di Provinsi Aceh.

“MOU ini ruang lingkupnya cukup signifikan dalam konteks membangun (tata kelola) agraria dan pertanahan di Provinsi Aceh. Ini memang tugas kami di Kementerian ATR/BPN mulai dari tata kelola dan sertipikasi aset, kemudian tata ruang sekaligus pengendalian juga asistensi pencegahan dan penanganan sengketa. Ini penting untuk pembangunan agraria di Aceh,” ujar Dalu Agung Darmawan dalam sambutannya.

Sebelum penandatangan yang dilakukan oleh Sekjen ATR/BPN hari ini berlangsung, dokumen kerja sama tersebut sudah ditandatangani secara terpisah oleh Gubernur Aceh, Muzakir Manaf, di Banda Aceh. Penandatanganan MoU ini menjadikan Aceh sebagai provinsi pertama di Indonesia yang memiliki mekanisme koordinasi formal dalam pertukaran data dan informasi spasial secara terintegrasi dengan pemerintah pusat.

Dalu Agung Darmawan berharap, berbagai program strategis Kementerian ATR/BPN di Aceh dapat dipercepat melalui sinergi ini, termasuk salah satunya penguatan legalisasi aset dan penyelesaian persoalan pertanahan masyarakat. “Nanti selanjutnya Pemerintah Provinsi Aceh dengan Kantor Wilayah BPN Provinsi Aceh untuk menyiapkan kerja sama lanjutan. Nanti mohon ditindaklanjuti Pak Kepala Kanwil dan para Kepala Kantor Pertanahan,” ujar Sekjen ATR/BPN.

Dalam kesempatan ini, hadir sebagai wakil dari Pemerintah Provinsi Aceh, Kepala Biro Pemerintahan dan Otonomi Daerah Setda Aceh, Bob Mizwar. Ia mengapresiasi Kementerian ATR/BPN yang telah bersama-sama melakukan pembahasan secara maraton hingga tercapainya proses finalisasi rancangan MoU bidang agraria, pertanahan dan tata ruang dengan Provinsi Aceh ini.

“Melalui MoU ini kita harapkan upaya mempercepat proses legalitas lahan akan berdampak langsung pada kepastian usaha pekebun. Ini juga memberikan opsi penyelesaian sengketa agraria yang lebih terintegrasi dengan pusat, termasuk mendorong optimalisasi program Tanah Objek Reforma Agraria (TORA) di Aceh,” ujar Bob Mizwar.

Pada kegiatan ini, turut hadir Kepala Kantor Wilayah BPN Provinsi Aceh, Arinaldi serta sejumlah perwakilan dari Biro Perencanaan dan Kerja Sama Kementerian ATR/BPN; Plh. Kepala Dinas Pertanahan Aceh, Nizwar; serta Plt. Kepala Dinas Pertanian dan Perkebunan Aceh, Azanuddin Kurnia. (AR/CK)

#KementerianATRBPN
#MelayaniProfesionalTerpercaya
#MajuDanModern
#MenujuPelayananKelasDunia

Biro Hubungan Masyarakat dan Protokol
Kementerian Agraria dan Tata Ruang/
Badan Pertanahan Nasional

X: x.com/kem_atrbpn
Instagram: instagram.com/kementerian.atrbpn/
Fanpage facebook: facebook.com/kementerianATRBPN
Youtube: youtube.com/KementerianATRBPN
TikTok: tiktok.com/@kementerian.atrbpn
Situs: atrbpn.go.id
PPID: ppid.atrbpn.go.id
WhatsApp Pengaduan: 0811-1068-0000"
"Kementerian ATR/BPN dan KPK Jadikan Sulut Lokasi Percontohan Transformasi Pelayanan Publik di Bidang Pertanahan","12/05/2026","https://www.atrbpn.go.id/berita/kementerian-atrbpn-dan-kpk-jadikan-sulut-lokasi-percontohan-transformasi-pelayanan-publik-di-bidang-pertanahan","https://www.atrbpn.go.id/assets/23bb7024-f088-4d71-ab53-11d2f8bd4e93","​Manado - Kementerian Agraria dan Tata Ruang/Badan Pertanahan Nasional (ATR/BPN) bersama Komisi Pemberantasan Korupsi (KPK) menjadikan Sulawesi Utara (Sulut) sebagai salah satu daerah percontohan transformasi pelayanan publik bidang pertanahan yang terintegrasi. Melalui kolaborasi yang melibatkan pemerintah daerah (Pemda), program ini diarahkan untuk memperkuat tata kelola layanan pertanahan.

“Karena menjadi bagian dari piloting kerja sama Kementerian ATR dan KPK, mudah-mudahan ini bisa kita lakukan dengan baik dan bisa menjadi best practice untuk kita terapkan di seluruh Indonesia, memperbaiki kualitas layanan publik khususnya di bidang pertanahan,” ujar Staf Ahli Bidang Partisipasi Masyarakat dan Pemerintah Daerah Kementerian ATR/BPN, Andi Tenri Abeng, dalam Rapat Koordinasi (Rakor) Optimalisasi Kerja Sama Kementerian ATR/BPN, KPK, dan Pemda se-Sulut di Wisma Negara Sulut, Selasa (12/05/2026).

Sebelum di Sulut, piloting program ini sudah dimulai di Sulawesi Selatan dan Sulawesi Tenggara. Andi Tenri Abeng menjelaskan, kerja sama dengan KPK ini diinisiasi Menteri ATR/Kepala BPN, Nusron Wahid, pada Oktober 2025 sebagai langkah memperkuat transformasi pelayanan pertanahan di daerah. Pelibatan Pemda dalam upaya transformasi layanan ini diharapkan bukan hanya bisa mendukung penyelesaian berbagai persoalan pertanahan, namun juga tata ruang di daerah.

“Diputuskanlah ada kerja sama antara Kementerian ATR/BPN dan KPK juga dengan Pemda. Dan kami sangat yakin dengan semangat Pak Gubernur dan semua jajaran, mudah-mudahan ini semua bisa terlaksana dengan baik,” tutur Andi Tenri Abeng di hadapan Gubernur Sulut.

Dalam pertemuan ini, Direktur Koordinasi dan Supervisi Wilayah IV KPK, Edi Suryanto, membenarkan bahwa persoalan pertanahan masih menjadi tantangan yang terus muncul dari waktu ke waktu. Karena itu, KPK bersama Kementerian ATR/BPN mendorong penguatan pelayanan publik bidang pertanahan sebagai bagian dari upaya pencegahan korupsi.

“Makanya kami kemarin sepakat, pimpinan memerintahkan dahulukan permasalahan pertanahan. Jadi kami mendorong pelayanan publik bidang pertanahan,” kata Edi Suryanto.

Edi Suryanto menjelaskan tiga fokus utama dari KPK RI dalam kerja sama ini, yakni pelayanan publik bidang pertanahan, pengelolaan barang milik daerah, dan optimalisasi pendapatan daerah. Salah satu program yang akan didorong ialah integrasi layanan pertanahan di Mal Pelayanan Publik (MPP) agar akses masyarakat terhadap layanan pertanahan semakin mudah.

Di momen Rakor ini, Gubernur Sulawesi Utara, Mayjen TNI (Purn.) Yulius Selvanus Komaling, langsung meminta seluruh kepala daerah untuk bergerak menyelesaikan persoalan pertanahan di wilayah masing-masing. “Saya mau persoalan tanah selesai. Jadi jangan mengeluh-mengeluh saja, tapi aksinya tidak ada. Ini hari ini ruang dan waktu milik kita, milik Sulut. Teman-teman KPK dan ATR/BPN ini serius untuk memberikan bantuan kepada kita, memberikan solusi-solusi kepada kita,” tegas Yulius Selvanus Komaling.

Dalam Rakor ini dihasilkan komitmen bersama pencegahan korupsi dan penguatan ekonomi daerah melalui transformasi pelayanan publik di bidang pertanahan dan tata ruang yang ditandatangani oleh Gubernur Sulut beserta kepala daerah se-Sulut; Kepala Kantor Wilayah BPN Provinsi Sulut beserta Kepala Kantor Pertanahan Kabupaten/Kota se-Sulut. Penandatanganan disaksikan oleh Staf Ahli Bidang Partisipasi Masyarakat dan Pemerintah serta Direktur Koordinasi dan Supervisi Wilayah IV KPK.

Dalam rakor yang juga dihadiri sejumlah Pejabat Pimpinan Tinggi Pratama Kementerian ATR/BPN dan Organisasi Perangkat Daerah (OPD) se-Sulut ini, dilakukan diskusi teknis terkait sembilan program kerja sama dalam pencegahan korupsi dan penguatan ekonomi daerah melalui transformasi pelayanan publik di bidang pertanahan dan tata ruang. (LS/YZ)

#KementerianATRBPN
#MelayaniProfesionalTerpercaya
#MajuDanModern
#MenujuPelayananKelasDunia

Biro Hubungan Masyarakat dan Protokol
Kementerian Agraria dan Tata Ruang/
Badan Pertanahan Nasional

X: x.com/kem_atrbpn
Instagram: instagram.com/kementerian.atrbpn/
Fanpage facebook: facebook.com/kementerianATRBPN
Youtube: youtube.com/KementerianATRBPN
TikTok: tiktok.com/@kementerian.atrbpn
Situs: atrbpn.go.id
PPID: ppid.atrbpn.go.id
WhatsApp Pengaduan: 0811-1068-0000"
"Bahas Transformasi Organisasi dan Tata Kerja, Kementerian ATR/BPN Rumuskan Cara Kerja Efektif Berbasis Kewilayahan","11/05/2026","https://www.atrbpn.go.id/berita/bahas-transformasi-organisasi-dan-tata-kerja-kementerian-atrbpn-rumuskan-cara-kerja-efektif-berbasis-kewilayahan","https://www.atrbpn.go.id/assets/e29c2bcc-73da-4fc8-b9d0-b8d87cd7a9a7","​Jakarta - Kementerian Agraria dan Tata Ruang/Badan Pertanahan Nasional (ATR/BPN) menggelar diskusi bersama jajaran Kantor Wilayah (Kanwil) dan Kantor Pertanahan (Kantah) se-Indonesia membahas penyusunan transformasi organisasi dan tata kerja (OTK) Kantah. Wakil Menteri Agraria dan Tata Ruang /Wakil Kepala Badan Pertanahan Nasional (Wamen ATR/Waka BPN), Ossy Dermawan, ingin transformasi dilakukan dengan pendekatan berbasis wilayah.

“Bagaimana kemudian BPN dapat bekerja lebih efektif di tengah kompleksitas wilayah Indonesia yang sangat beragam, agar lebih menjaga upaya pelayanan publik yang maksimal,” ujar Wamen Ossy dalam rapat yang berlangsung secara daring pada Senin (11/05/2026).

Saat ini, struktur organisasi di Kantah dibangun dengan pendekatan tematik atau lebih dikenal dengan pembagian seksi berdasarkan jenis fungsi dan layanan atau hal teknisnya. Mulai dari Seksi Survei dan Pemetaan, Seksi Penetapan Hak dan Pendaftaran, Seksi Penataan dan Pemberdayaan, Seksi Pengadaan Tanah dan Pengembangan, serta Seksi Pengendalian dan Penanganan Sengketa.

Di tahap awal perumusan transformasi struktur organisasi ini, Wamen Ossy menekankan agar jajaran melakukan kajian matang dan mendalam agar mampu menjawab kebutuhan pelayanan masyarakat yang lebih cepat, tepat, dan juga responsif. Ke depannya, diharapkan Kantah bisa lebih adaptif terhadap dinamika wilayah tanpa mengesampingkan aspek teknisnya.

“Persoalan di lapangan justru muncul dalam konteks wilayah tertentu, misal ada satu kawasan yang berkembang cepat karena ada investasi di sana, muncul kebutuhan akan sertipikasi, penataan ruang, potensi sengketa dan sebagainya. Saat ini, OTK kita menitikberatkan pada penguasaan fungsi/teknis, maka pendekatan wilayah mencoba memperkuat penguasaan lapangan dan dinamika wilayah kerja,” jelas Wamen Ossy.

Kepada para Kepala Kanwil BPN Provinsi, Kepala Kantah Kabupaten/Kota, serta seluruh jajaran yang mengikuti pertemuan daring ini, Wamen Ossy memaparkan sejumlah manfaat yang berpotensi diperoleh dengan diterapkannya OTK berbasis wilayah. Beberapa di antaranya memperkuat pemahaman kondisi lapangan, memperbaiki rentang kendali organisasi, meningkatkan deteksi dini persoalan pertanahan, serta mendukung integrasi layanan berbasis data digital dan spasial.

“Kita sedang menuju layanan pertanahan modern berbasis digital dan spasial. Ini tidak lagi kemudian dianggap sebagai penanganan secara sektoral, tapi harus menyeluruh, tidak lagi ini hanya urusan pengukuran, urusan pendaftaran, semua harus bisa memahami sehingga penguasaan wilayah menjadi penting,” tutur Wamen Ossy.

Terkait rencana perubahan OTK, Sekretaris Jenderal (Sekjen) ATR/BPN, Dalu Agung Darmawan, menyoroti pentingnya kejelasan pembagian tugas dan fungsi di Kementerian ATR/BPN hingga ke daerah di Kanwil dan Kantah, salah satunya berfokus pada spesialisasi kerja. Ia menegaskan, koordinasi antarfungsi dan rantai komando yang terstruktur juga menjadi kunci dalam mendukung transformasi pelayanan di lingkungan ATR/BPN.

“Struktur organisasi kita ini menentukan jalannya proses pelayanan publik kita kepada masyarakat. Harapan kita ingin memberi pelayanan yg terbaik, kualitas terjamin sekaligus pengembangan SDM kita untuk memenuhi ini,” pungkas Sekjen ATR/BPN. (AR/FA)

#KementerianATRBPN
#MelayaniProfesionalTerpercaya
#MajuDanModern
#MenujuPelayananKelasDunia

Biro Hubungan Masyarakat dan Protokol
Kementerian Agraria dan Tata Ruang/
Badan Pertanahan Nasional

X: x.com/kem_atrbpn
Instagram: instagram.com/kementerian.atrbpn/
Fanpage facebook: facebook.com/kementerianATRBPN
Youtube: youtube.com/KementerianATRBPN
TikTok: tiktok.com/@kementerian.atrbpn
Situs: atrbpn.go.id
PPID: ppid.atrbpn.go.id
WhatsApp Pengaduan: 0811-1068-0000"
"Layanan Pertanahan Era Digital, Lebih Mudah Pantau Berkas Lewat Aplikasi Sentuh Tanahku","11/05/2026","https://www.atrbpn.go.id/berita/layanan-pertanahan-era-digital-lebih-mudah-pantau-berkas-lewat-aplikasi-sentuh-tanahku","https://www.atrbpn.go.id/assets/aa0a0104-6c3d-4b90-8d23-eda0e1feaf8b",""
"50% Bidang Tanah di Sulteng Sudah Bersertipikat, Wamen Ossy: Ini Menunjukkan Sulteng Terus Bertumbuh","10/05/2026","https://www.atrbpn.go.id/berita/50-bidang-tanah-di-sulteng-sudah-bersertipikat-wamen-ossy-ini-menunjukkan-sulteng-terus-bertumbuh","https://www.atrbpn.go.id/assets/4b5a5a96-fb44-409f-910b-cf488005683c","​Palu - Wakil Menteri Agraria dan Tata Ruang/Wakil Kepala Badan Pertanahan Nasional (Wamen ATR/Waka BPN), Ossy Dermawan, menyerahkan sejumlah sertipikat di Kantor Wilayah (Kanwil) BPN Provinsi Sulawesi Tengah (Sulteng) pada Minggu (10/05/2026). Penyerahan sertipikat ini menjadi bagian dari capaian pendaftaran tanah di Sulteng yang tercatat sudah hampir 50% bidang tanah terdaftar dan bersertipikat.

“Patut kita apresiasi di mana sudah hampir 50% tanah sudah terdaftar dan juga hampir 50% bersertipikat. Ini menunjukkan bahwa Provinsi Sulteng ini adalah provinsi yang terus tumbuh,” ujar Wamen Ossy saat memberikan pengarahan kepada jajaran Kanwil BPN Provinsi Sulteng.

Pada kesempatan tersebut, Wamen ATR/Waka BPN menyerahkan total 13 sertipikat yang terdiri dari Sertipikat Hak Pakai, Sertipikat Hak Guna Bangunan, sertipikat untuk tanah wakaf, serta sertipikat hasil program Pendaftaran Tanah Sistematis Lengkap (PTSL). Sertipikat tersebut diserahkan kepada kementerian/lembaga, pemerintah daerah, dan masyarakat.

Menurut Wamen Ossy, pertumbuhan jumlah bidang tanah yang terdaftar dan bersertipikat di Sulteng juga menunjukkan meningkatnya kebutuhan pelayanan pertanahan seiring perkembangan wilayah dan pertumbuhan ekonomi daerah. Oleh karena itu, ia meminta jajaran Kanwil BPN Provinsi Sulteng untuk terus meningkatkan kualitas pelayanan pertanahan dengan tetap menjaga ketelitian dan kualitas data.

“Jangan sampai mengejar angka keberhasilan, tetapi meninggalkan masalah untuk masa depan. Pak Menteri Nusron selalu mengingatkan, cepat tetapi tetap teliti,” tegas Wamen ATR/Waka BPN.

Di momen ini, Wamen Ossy mengapresiasi langsung semangat jajaran Kanwil BPN Provinsi Sulteng yang tetap memberikan pelayanan di tengah tantangan geografis dan keterbatasan infrastruktur di sejumlah wilayah.

“Saya melihat kegigihan dan juga keinginan kuat dari para unsur pimpinan di unit-unit kerja baik di Kantor Pertanahan (Kantah) maupun di Kanwil berupaya untuk melaksanakan pengabdian terbaik ini. Bukan untuk saya ataupun untuk Pak Menteri, tapi apa yang kita lakukan adalah untuk masyarakat yang sama-sama kita cintai,” pungkas Wamen Ossy.

Kegiatan ini dihadiri oleh Kepala Kanwil BPN Provinsi Sulteng, Muhammad Naim beserta jajarannya, dan para Kepala Kantah Kabupaten/Kota se-Provinsi Sulteng. (SG/JR)

#KementerianATRBPN
#MelayaniProfesionalTerpercaya
#MajuDanModern
#MenujuPelayananKelasDunia

Biro Hubungan Masyarakat dan Protokol
Kementerian Agraria dan Tata Ruang/
Badan Pertanahan Nasional

X: x.com/kem_atrbpn
Instagram: instagram.com/kementerian.atrbpn/
Fanpage facebook: facebook.com/kementerianATRBPN
Youtube: youtube.com/KementerianATRBPN
TikTok: tiktok.com/@kementerian.atrbpn
Situs: atrbpn.go.id
PPID: ppid.atrbpn.go.id
WhatsApp Pengaduan: 0811-1068-0000"
"Bicara Soal Amanah Pimpinan dalam Pengajian di Pandeglang, Menteri Nusron: Permudah Rakyat","09/05/2026","https://www.atrbpn.go.id/berita/bicara-soal-amanah-pimpinan-dalam-pengajian-di-pandeglang-menteri-nusron-permudah-rakyat","https://www.atrbpn.go.id/assets/11a8e7fd-ae0b-41ad-bf96-9401ce827798","Pandeglang - Menteri Agraria dan Tata Ruang/Kepala Badan Pertanahan Nasional (ATR/BPN), Nusron Wahid, menghadiri acara Pengajian Umum Yayasan Anwarul Hidayah di Pandeglang, Banten pada Sabtu (09/05/2026). Dalam pidatonya, Menteri Nusron mengingatkan bahwa title seorang pemimpin adalah amanah yang harus dijalankan dengan baik.

“Kalau ada pemimpin yang sedang memimpin dan ketika memimpin itu mengangkat harkat dan martabat rakyatnya, mempermudah rakyatnya, maka doa Rasulullah, angkatlah derajatnya orang tersebut, permudahlah hidupnya,” ujar Menteri Nusron.

Menteri Nusron menjelaskan, Rasulullah SAW berdoa agar pemimpin yang menyulitkan urusan masyarakat juga dipersulit hidupnya oleh Allah SWT. Sebaliknya, Rasulullah SAW juga mendoakan pemimpin yang mempermudah urusan rakyat dan mengangkat harkat masyarakat agar dimudahkan hidupnya serta ditinggikan derajatnya.

“Bentuk mempersulit itu antara lain memperlambat pelayanan administrasi, mempersulit pengurusan surat, sertipikat, maupun bantuan kepada masyarakat,” tutur Menteri Nusron.

Di hadapan seluruh peserta pengajian, Menteri Nusron meminta dukungan doa agar dirinya bisa menjalankan tugasnya dengan baik sebagai Menteri ATR/Kepala BPN. “Saya mohon doa moga-moga saya sebagai (alumni) santri ketika memimpin ini betul-betul bisa mempermudah dan mengangkat rakyatnya sehingga Allah mempermudah hidup kita,” ungkapnya.

Selain pengajian, dalam acara ini juga berlangsung penyerahan sejumlah sertipikat tanah wakaf, di antaranya untuk Masjid Al-Ittihad dan Musala Anwarul Hidayah di Pandeglang, Banten. Sertipikat diserahkan langsung oleh Menteri Nusron dengan didampingi oleh Kepala Kantor Wilayah BPN Provinsi Banten, Harison Mocodompis dan Kepala Kantor Pertanahan Kabupaten Pandeglang, Fahmi.

Dalam kegiatan ini, turut hadir Direktur Pendidikan Pondok Pesantren Kementerian Agama, Basnang Said; serta Ketua Umum Yayasan Anwarul Hidayah Nahdlatul Ulama, Endin AJ. Soefihara. (AR/FA)

#KementerianATRBPN
#MelayaniProfesionalTerpercaya
#MajuDanModern
#MenujuPelayananKelasDunia

Biro Hubungan Masyarakat dan Protokol
Kementerian Agraria dan Tata Ruang/
Badan Pertanahan Nasional

X: x.com/kem_atrbpn
Instagram: instagram.com/kementerian.atrbpn/
Fanpage facebook: facebook.com/kementerianATRBPN
Youtube: youtube.com/KementerianATRBPN
TikTok: tiktok.com/@kementerian.atrbpn
Situs: atrbpn.go.id
PPID: ppid.atrbpn.go.id
WhatsApp Pengaduan: 0811-1068-0000"
"Pemerintah Prioritaskan Pengakuan dan Perlindungan Hak Tanah Ulayat di Indonesia","09/05/2026","https://www.atrbpn.go.id/berita/pemerintah-prioritaskan-pengakuan-dan-perlindungan-hak-tanah-ulayat-di-indonesia","https://www.atrbpn.go.id/assets/c28907bb-c307-4d64-8d90-e0ba6900af8b","​Surakarta - Menteri Agraria dan Tata Ruang/Kepala Badan Pertanahan Nasional (ATR/BPN), Nusron Wahid, bersama Wakil Menteri Pertanian, Sudaryono, menjadi pembicara kegiatan Kopdar Nusantara Young Leaders (NYL), di Universitas Negeri Surakarta, Jawa Tengah pada Jumat (08/05/2026). Dalam kesempatan ini, ia menyampaikan pandangannya sebagai Menteri ATR/Kepala BPN terkait pengakuan dan perlindungan hak ulayat masyarakat adat di Indonesia.

“Memang idealnya semua lahan-lahan HGU itu yang memang terbukti di situ (ada) tanah ulayat, Diulayatkan dulu (sertipikasi tanah ulayat) baru kemudian ada HGU di atas hak ulayat,” ujar Menteri Nusron.

Melihat hal ini, Menteri Nusron menjelaskan, bagi tanah HGU yang berada di atas tanah ulayat, pemegang HGU memiliki hubungan kemitraan dengan pemegang hak adat. “Pemegang HGU itu statusnya kontrak sama pemegang hak adat. Dan hak ulayat ini tidak bisa dijual sehingga tanahnya itu benar-benar terjaga,” tuturnya saat sesi tanya jawab bersama mahasiswa.

Dalam acara Kopdar NYL yang diikuti oleh ratusan mahasiswa ini, Menteri Nusron mengungkapkan bahwa pemerintah masih menghadapi sejumlah persoalan dalam pelaksanaan pengakuan hak ulayat. Salah satunya berkaitan dengan batas-batas wilayah adat yang belum jelas, serta kelembagaan adat di sejumlah wilayah dinilai belum lengkap dan belum kompak.

Menteri Nusron mencontohkan, dalam beberapa kasus terdapat kepala suku yang menjual tanah, sementara suku lain justru saling mengklaim kepemilikan wilayah tersebut. Kondisi itu menjadi tantangan besar dalam menjaga keberlangsungan hak adat.

“Ini adalah masalahnya, gimana caranya mengompakkan masyarakat adat tersebut, supaya benar-benar kompak dan tidak diakui satu sama lain. Nah karena itu ini menjadi PR, tugas kita,” ujar Menteri Nusron.

Pemerintah melalui Kementerian ATR/BPN tengah menjalankan proses pengakuan hak ulayat, terutama di Sumatera Barat, Kalimantan Barat, Kalimantan Tengah, hingga Papua. Pemerintah juga telah menerbitkan sertipikat hak ulayat di berbagai daerah tersebut sebagai bentuk perlindungan hukum terhadap tanah adat.

“Sehingga, siapa pun tidak bisa masuk dan menguasai tanah tersebut selama ada sertipikat hak ulayatnya. Siapa pun yang mau masuk, dia harus kerja sama dengan hak adat tersebut,” terang Menteri Nusron. (AR/CK)

#KementerianATRBPN
#MelayaniProfesionalTerpercaya
#MajuDanModern
#MenujuPelayananKelasDunia

Biro Hubungan Masyarakat dan Protokol
Kementerian Agraria dan Tata Ruang/
Badan Pertanahan Nasional

X: x.com/kem_atrbpn
Instagram: instagram.com/kementerian.atrbpn/
Fanpage facebook: facebook.com/kementerianATRBPN
Youtube: youtube.com/KementerianATRBPN
TikTok: tiktok.com/@kementerian.atrbpn
Situs: atrbpn.go.id
PPID: ppid.atrbpn.go.id
WhatsApp Pengaduan: 0811-1068-0000"
"Banyak Membantu, Warga Minta BPN Sediakan Layanan Lebih Banyak Lagi di PELATARAN","09/05/2026","https://www.atrbpn.go.id/berita/banyak-membantu-warga-minta-bpn-sediakan-layanan-lebih-banyak-lagi-di-pelataran","https://www.atrbpn.go.id/assets/d4798576-099f-407b-b8df-90865ca4f13a","Palembang – Kehadiran Program Pelayanan Tanah Akhir Pekan (PELATARAN) dimanfaatkan masyarakat untuk mengurus berbagai keperluan pertanahan di hari libur. Sejumlah warga berharap layanan yang tersedia dalam program tersebut dapat terus ditambah agar semakin memudahkan masyarakat yang memiliki keterbatasan waktu pada hari kerja.

“BPN buka Sabtu ini sangat membantu ya karena untuk orang seperti saya yang Senin-Jumat bekerja, jadi Sabtu bisa mengurus keperluan sertipikat,” ujar Novalianto, karyawan swasta asal Palembang.

Novalianto mengaku baru mencoba pertama kali mengurus sertipikat tanah dan datang pada hari Sabtu karena tidak memiliki waktu di hari kerja. Meski pelayanan dinilai sudah baik, ia berharap ke depan layanan yang tersedia saat PELATARAN dapat ditambah. “Sejauh ini sudah baik, mungkin ke depannya bisa ditambah pelayanannya di hari Sabtu,” harapnya.

Kemudahan PELATARAN juga dipuji oleh warga Kabupaten Deli Serdang, Puji Lesmana. Ia datang ke Kantor Pertanahan pada hari liburnya untuk mengambil sertipikat tanah yang sudah selesai diproses. Ia mengapresiasi pelayanan yang diberikan petugas saat PELATARAN berlangsung.

“Alhamdulillah saya datang hari ini dengan pelayanan yang baik, pelayanan yang ramah, cepat, dilayani dengan baik. Kemudian harapan saya untuk BPN Deli Serdang semakin baik lagi melayani masyarakat dengan sepenuh hati,” ungkap Puji Lesmana.

Astuti Damayanti, ibu rumah tangga asal Deli Serdang, juga merasakan kemudahan dalam pengurusan tanahnya berkat layanan akhir pekan. Ia bersama sang suami jadi bisa mengambil sertipikat tanpa harus meninggalkan aktivitas di hari kerja. “Dengan adanya PELATARAN, BPN Deli Serdang ini memudahkan saya dan suami untuk mengambil sertipikat di hari libur. Semoga ke depannya BPN menjadi lebih baik lagi,” pungkasnya.

Berbagai pengalaman masyarakat tersebut menunjukkan bahwa kehadiran PELATARAN tidak hanya mempermudah akses layanan pertanahan, namun juga menjawab kebutuhan masyarakat yang selama ini terkendala waktu. Di masa mendatang, masyarakat tetap berharap PELATARAN terus dikembangkan, baik dari sisi cakupan maupun jenis layanan yang tersedia. (LS/FA)

#KementerianATRBPN
#MelayaniProfesionalTerpercaya
#MajuDanModern
#MenujuPelayananKelasDunia

Biro Hubungan Masyarakat dan Protokol
Kementerian Agraria dan Tata Ruang/
Badan Pertanahan Nasional

X: x.com/kem_atrbpn
Instagram: instagram.com/kementerian.atrbpn/
Fanpage facebook: facebook.com/kementerianATRBPN
Youtube: youtube.com/KementerianATRBPN
TikTok: tiktok.com/@kementerian.atrbpn
Situs: atrbpn.go.id
PPID: ppid.atrbpn.go.id
WhatsApp Pengaduan: 0811-1068-0000"
"Bangun Motivasi Jajaran, Sekjen Kementerian ATR/BPN Beri Penghargaan kepada Satker Pengelola Kearsipan Terbaik","08/05/2026","https://www.atrbpn.go.id/berita/bangun-motivasi-jajaran-sekjen-kementerian-atrbpn-beri-penghargaan-kepada-satker-pengelola-kearsipan-terbaik","https://www.atrbpn.go.id/assets/59e39cdd-2fb3-48f7-9de6-0f1bd676e8b9","Jakarta – Sekretaris Jenderal (Sekjen) Kementerian Agraria dan Tata Ruang/Badan Pertanahan Nasional (ATR/BPN), Dalu Agung Darmawan, memberikan penghargaan kepada unit kearsipan dan unit pengolah terbaik di lingkungan satuan kerja pusat maupun daerah. Penghargaan tersebut diberikan sebagai bentuk motivasi sekaligus apresiasi atas pengelolaan arsip yang tertib dan akuntabel di lingkungan Kementerian ATR/BPN.

“Penilaian ini bagian dari Reformasi Birokrasi, khususnya di bidang kearsipan, dan harus menjadi pemantik perbaikan. Satker yang masih kurang dapat belajar dari satker lain yang telah memperoleh nilai signifikan,” ujar Dalu Agung Darmawan dalam Webinar Kearsipan Tahun 2026 di Jakarta, Rabu (06/05/2026).

Menurutnya, budaya tertib arsip menjadi penting karena berpengaruh langsung terhadap kualitas layanan, pengambilan keputusan, hingga tata kelola organisasi di lingkungan Kementerian ATR/BPN. Karena itu, Kementerian ATR/BPN akan terus memperkuat kebijakan dan infrastruktur kearsipan berbasis digital, termasuk pengembangan sistem arsip elektronik yang terintegrasi.

“Saya minta seluruh jajaran meningkatkan nilai pengawasan kearsipan dan monitoring layanan tata naskah di tahun 2025 yang masih perlu diperbaiki, serta secara konkret mengimplementasikan kebijakan penyelenggaraan kearsipan sehingga mampu menjawab tantangan hukum dan kebutuhan organisasi ke depan,” imbau Sekjen Kementerian ATR/BPN.

Dalam penghargaan kategori Pengawasan Kearsipan Internal Tahun 2025 tingkat pusat, penghargaan unit kearsipan terbaik diraih oleh Sekretariat Inspektorat Jenderal, Sekretariat Direktorat Jenderal Tata Ruang, serta Sekretariat Direktorat Jenderal Survei dan Pemetaan Pertanahan dan Ruang.

Sementara itu, penghargaan unit pengolah terbaik diberikan kepada Biro Umum dan Layanan Pengadaan, Sekretariat Inspektorat Jenderal, Biro Sumber Daya Manusia, Sekretariat Direktorat Jenderal Tata Ruang, Sekretariat Direktorat Jenderal Survei dan Pemetaan Pertanahan dan Ruang, Inspektorat Wilayah I, Inspektorat Wilayah II, Inspektorat Bidang Investigasi, Sekretariat Direktorat Jenderal Penataan Agraria, dan Inspektorat Wilayah III.

Pada tingkat daerah, penghargaan kategori Monitoring dan Evaluasi Indikator Layanan Umum Tata Naskah dan Kearsipan diberikan kepada Kantor Wilayah BPN Provinsi Sumatera Selatan, Kantor Wilayah BPN Provinsi Kalimantan Selatan, dan Kantor Wilayah BPN Provinsi Sumatera Utara untuk kategori Unit Kearsipan II.

Adapun kategori Unit Kearsipan III diraih oleh Kantor Pertanahan Kota Pekanbaru, Kabupaten Kulon Progo, Kota Tanjungbalai, Kabupaten Bantul, Kota Palembang, Kabupaten Sleman, Kabupaten Gunungkidul, Kota Parepare, Kota Tangerang Selatan, dan Kota Sungai Penuh.

Untuk kategori video terbaik Unit Kearsipan III diraih oleh Kantor Pertanahan Kota Palembang, sedangkan kategori video terbaik Unit Kearsipan II diraih oleh Kantor Wilayah BPN Provinsi Lampung.

Penghargaan tersebut diserahkan langsung oleh Sekjen Kementerian ATR/BPN didampingi Kepala Arsip Nasional Republik Indonesia (ANRI), Mego Pinandito, serta Kepala Biro Umum dan Layanan Pengadaan, Awaludin. Penghargaan ini diharapkan dapat menjadi motivasi bagi seluruh satuan kerja untuk terus meningkatkan kualitas pengelolaan arsip dan tata kelola kearsipan yang tertib serta akuntabel. (MW/FA)

#KementerianATRBPN
#MelayaniProfesionalTerpercaya
#MajuDanModern
#MenujuPelayananKelasDunia

Biro Hubungan Masyarakat dan Protokol
Kementerian Agraria dan Tata Ruang/
Badan Pertanahan Nasional

X: x.com/kem_atrbpn
Instagram: instagram.com/kementerian.atrbpn/
Fanpage facebook: facebook.com/kementerianATRBPN
Youtube: youtube.com/KementerianATRBPN
TikTok: tiktok.com/@kementerian.atrbpn
Situs: atrbpn.go.id
PPID: ppid.atrbpn.go.id
WhatsApp Pengaduan: 0811-1068-0000"
"Jalin Komitmen Bersama KPK dan Pemda se-Sultra, Staf Ahli Kementerian ATR/BPN: untuk Peningkatan Kualitas Layanan Pertanahan","08/05/2026","https://www.atrbpn.go.id/berita/jalin-komitmen-bersama-kpk-dan-pemda-se-sultra-staf-ahli-kementerian-atrbpn-untuk-peningkatan-kualitas-layanan-pertanahan","https://www.atrbpn.go.id/assets/cc1c1cb2-74e9-467d-bbc7-397c5f757eec","Kendari – Kementerian Agraria dan Tata Ruang/Badan Pertanahan Nasional (ATR/BPN) menjalin komitmen bersama Komisi Pemberantasan Korupsi (KPK) dan pemerintah daerah se-Sulawesi Tenggara (Sultra). Staf Ahli Bidang Partisipasi Masyarakat dan Pemerintah Daerah Kementerian ATR/BPN, Andi Tenri Abeng, mengatakan komitmen tersebut guna meningkatkan kualitas layanan pertanahan dan tata ruang melalui sembilan program kerja sama.

“Komitmen ini tentu merupakan inisiasi dari Bapak Menteri, dan ini juga untuk peningkatan kualitas layanan pertanahan,” ujar Staf Ahli Bidang Partisipasi Masyarakat dan Pemerintah Daerah Kementerian ATR/BPN usai Rapat Koordinasi Pencegahan Korupsi Pelayanan Publik Bidang Pertanahan dan Aset BMD Wilayah Sultra yang berlangsung di Kantor Gubernur Sultra, Kamis, (07/05/2026).

Menurut Andi Tenri Abeng, seluruh pihak kini berupaya mewujudkan transformasi tersebut melalui sembilan program kerja sama yang telah disepakati bersama KPK dan pemerintah daerah. ""Ada tiga fokus dari KPK, itu semua kita coba urai dan selesaikan dengan 9 program,"" lanjut Staf Ahli Bidang Partisipasi Masyarakat dan Pemerintah Daerah Kementerian ATR/BPN.

Adapun sembilan program kerja sama tersebut meliputi integrasi Nomor Identifikasi Bidang (NIB) Tanah dan Nomor Objek Pajak (NOP), integrasi layanan pertanahan dengan Mal Pelayanan Publik, percepatan pendaftaran tanah, percepatan penyusunan Rencana Detail Tata Ruang (RDTR) yang terintegrasi dalam sistem Online Single Submission (OSS), sensus pertanahan berbasis geospasial, integrasi Kawasan Pertanian Pangan Berkelanjutan/Lahan Pertanian Pangan Berkelanjutan (KP2B/LP2B) dalam RTRW, optimalisasi peran Gugus Tugas Reforma Agraria (GTRA), pengembangan dan pemanfaatan Zona Nilai Tanah (ZNT), serta konsolidasi tanah untuk pembangunan daerah.

Sementara itu, Direktur Koordinasi dan Supervisi Wilayah IV KPK, Edi Suryanto, menjelaskan bahwa fokus utama kegiatan tersebut mencakup tiga hal, yakni pelayanan publik bidang pertanahan, penyelesaian aset pemerintah daerah yang bermasalah, dan peningkatan pendapatan daerah.

Ia menyebut, persoalan aset pemerintah daerah yang belum terselesaikan di Sulawesi Tenggara masih cukup banyak dan perlu diurai secara bertahap melalui kolaborasi lintas lembaga. Selain itu, optimalisasi pengelolaan pertanahan juga diharapkan mampu meningkatkan pendapatan asli daerah (PAD).

“Bagaimana supaya pemerintah daerah mendapatkan pendapatan asli daerah yang lebih baik daripada yang selama ini sudah diterima atau sudah didapatkan,” kata Edi Suryanto.

Melalui komitmen yang ditandatangani oleh seluruh Kepala Daerah se-Sultra dan Kepala Kantor Wilayah BPN Provinsi Sultra beserta Kepala Kantor Pertanahan Kabupaten/Kota ini, diharapkan dapat memperkuat sinergi dalam meningkatkan kualitas layanan pertanahan, memperbaiki tata kelola aset daerah, sekaligus mendorong pertumbuhan ekonomi di Sultra. (LS/RS)

#KementerianATRBPN
#MelayaniProfesionalTerpercaya
#MajuDanModern
#MenujuPelayananKelasDunia

Biro Hubungan Masyarakat dan Protokol
Kementerian Agraria dan Tata Ruang/
Badan Pertanahan Nasional

X: x.com/kem_atrbpn
Instagram: instagram.com/kementerian.atrbpn/
Fanpage facebook: facebook.com/kementerianATRBPN
Youtube: youtube.com/KementerianATRBPN
TikTok: tiktok.com/@kementerian.atrbpn
Situs: atrbpn.go.id
PPID: ppid.atrbpn.go.id
WhatsApp Pengaduan: 0811-1068-0000"
"Kementerian ATR/BPN Raih Penghargaan dari ANRI atas Penyelamatan dan Pelestarian Arsip","07/05/2026","https://www.atrbpn.go.id/berita/kementerian-atrbpn-raih-penghargaan-dari-anri-atas-penyelamatan-dan-pelestarian-arsip","https://www.atrbpn.go.id/assets/38450edc-3898-470e-8b86-17ea918e6ce7","​Jakarta - Kementerian Agraria dan Tata Ruang/Badan Pertanahan Nasional (ATR/BPN) mendapat penghargaan dari Arsip Nasional Republik Indonesia (ANRI) atas ke lima kalinya pemberian arsip statis yang dinilai berperan dalam penyelamatan dan pelestarian arsip yang bernilai. Piagam penghargaan tersebut diberikan langsung oleh Kepala ANRI, Mego Pinandito kepada Sekretaris Jenderal Kementerian ATR/BPN, Dalu Agung Darmawan saat Webinar Kearsipan Kementerian ATR/BPN Tahun 2026 di Jakarta, Rabu (06/05/2026).

“Ini menjadi bentuk bahwa Kementerian ATR/BPN betul-betul memberikan warisan informasi yang berharga bagi bangsa dan negara. Tentunya kami dari Arsip Nasional akan melestarikan dan menyimpan arsip-arsip ini sebagai memori kolektif bangsa,” ujar Mego Pinandito.

Arsip statis merupakan arsip yang sudah tidak digunakan dalam tata kelola pemerintahan, tetapi masih memiliki nilai penting sebagai referensi dan bukti autentik. Menurut Mego Pinandito, arsip pertanahan ATR/BPN menjadi sangat krusial karena berkaitan dengan bukti sah kepemilikan aset tanah yang dibutuhkan masyarakat maupun kementerian/lembaga. Karena itu, ANRI mendukung penuh penguatan pengelolaan kearsipan di Kementerian ATR/BPN.

Kepala ANRI juga mengapresiasi pengelolaan kearsipan dan transformasi digital di lingkungan ATR/BPN yang dinilai berjalan baik. “Berdasarkan hasil pengawasan kearsipan, Kementerian ATR/BPN memperoleh nilai 74,15. Ini sudah sangat baik, dan untuk digitalisasi arsip nilainya berada pada kategori B. Diharapkan ke depan dapat terus diperkuat,” ujarnya.

Sementara itu, Sekretaris Jenderal Kementerian ATR/BPN, Dalu Agung Darmawan, menegaskan komitmennya untuk terus memperkuat kebijakan dan infrastruktur kearsipan berbasis digital di ATR/BPN. Tak hanya itu, ia juga akan mengembangkan sistem arsip elektronik yang terintegrasi.

Ia juga menekankan pentingnya peningkatan kapasitas, kompetensi, serta penguatan regulasi guna mendukung keabsahan arsip elektronik sebagai alat bukti. Karena itu, Dalu Agung Darmawan mengimbau seluruh jajaran untuk terus meningkatkan nilai pengawasan kearsipan dan monitoring layanan tata naskah yang masih perlu diperbaiki.

“Seluruh jajaran juga harus secara konkret mengimplementasikan kebijakan penyelenggaraan kearsipan sehingga mampu menjawab tantangan hukum dan kebutuhan organisasi ke depan,” pungkas Dalu Agung Darmawan. (MW/KR)

#KementerianATRBPN
#MelayaniProfesionalTerpercaya
#MajuDanModern
#MenujuPelayananKelasDunia

Biro Hubungan Masyarakat dan Protokol
Kementerian Agraria dan Tata Ruang/
Badan Pertanahan Nasional

X: x.com/kem_atrbpn
Instagram: instagram.com/kementerian.atrbpn/
Fanpage facebook: facebook.com/kementerianATRBPN
Youtube: youtube.com/KementerianATRBPN
TikTok: tiktok.com/@kementerian.atrbpn
Situs: atrbpn.go.id
PPID: ppid.atrbpn.go.id
WhatsApp Pengaduan: 0811-1068-0000"
"Rakor Kementerian ATR/BPN Bersama KPK dan Pemerintah Daerah se-Sultra, Hasilkan Komitmen Pencegahan Korupsi dan Peningkatan Ekonomi Daerah","07/05/2026","https://www.atrbpn.go.id/berita/rakor-kementerian-atrbpn-bersama-kpk-dan-pemerintah-daerah-se-sultra-hasilkan-komitmen-pencegahan-korupsi-dan-peningkatan-ekonomi-daerah","https://www.atrbpn.go.id/assets/8034bc4c-1f99-401e-83cd-6393601bb663","​Kendari – Kementerian Agraria dan Tata Ruang/Badan Pertanahan Nasional (ATR/BPN) bersama Komisi Pemberantasan Korupsi (KPK) dan pemerintah daerah se-Sulawesi Tenggara (Sultra) memperkuat komitmen bersama dalam pencegahan korupsi dan peningkatan ekonomi daerah melalui rapat koordinasi yang digelar sebagai tindak lanjut kerja sama lintas lembaga di bidang pertanahan dan tata ruang. Staf Ahli Bidang Partisipasi Masyarakat dan Pemerintah Daerah Kementerian ATR/BPN, Andi Tenri Abeng, mengatakan bahwa kegiatan tersebut merupakan tindak lanjut arahan Menteri ATR/Kepala BPN, Nusron Wahid, yang menetapkan transformasi layanan pertanahan sebagai salah satu program strategis kementerian.

“Kegiatan yang kita kerja samakan ini merupakan tindak lanjut dari arahan dan inisiasi dari Pak Menteri, beliau juga berkomitmen menetapkan transformasi layanan pertanahan menjadi salah satu program strategis untuk mendorong pertumbuhan ekonomi dan kepastian hak atas tanah bagi masyarakat,” ujar Andi Tenri Abeng pada Rapat Koordinasi Pencegahan Korupsi Pelayanan Publik Bidang Pertanahan dan Aset BMD Wilayah Sultra yang berlangsung di Kantor Gubernur Sultra, Kamis, (07/05/2026).

Ia menuturkan, Sultra dipilih sebagai salah satu pilot project kerja sama bersama KPK sehingga diharapkan dapat menjadi contoh implementasi program yang berhasil di daerah. Menurutnya, kerja sama Kementerian ATR/BPN dengan KPK yang diluncurkan sejak Oktober 2025 bertujuan memberikan manfaat nyata bagi daerah, mulai dari peningkatan pendapatan asli daerah (PAD), penguatan akuntabilitas pengelolaan aset daerah, hingga peningkatan kualitas layanan publik di bidang pertanahan.

Disaksikan Direktur Koordinasi dan Supervisi Wilayah IV KPK, Edi Suryanto dan Staf Ahli Bidang Partisipasi Masyarakat dan Pemerintah Daerah, Andi Tenri Abeng, para pihak menyepakati komitmen bersama, di antaranya meningkatkan sinergi dan kolaborasi di bidang pertanahan dan tata ruang, mendorong implementasi sembilan paket program kerja sama, memperkuat koordinasi antarinstansi secara transparan, menindaklanjuti deklarasi dalam bentuk aksi nyata, serta menjalankan tugas sesuai peran dan fungsi masing-masing.

“Dari komitmen ini saya harapkan Bapak Ibu setelah kita bagikan ini bisa menjaga komitmen bersama ini bisa kita laksanakan dengan sebaik-baiknya untuk pencegahan korupsi dan peningkatan ekonomi daerah,” tegas Andi Tenri Abeng.

Sebagai informasi, sembilan program kerja sama untuk mendukung komitmen tersebut, di antaranya, integrasi Nomor Identifikasi Bidang (NIB) Tanah dan Nomor Objek Pajak (NOP), integrasi layanan pertanahan dengan Mal Pelayanan Publik, percepatan pendaftaran tanah, percepatan penyusunan Rencana Detail Tata Ruang (RDTR) yang terintegrasi dalam sistem Online Single Submission (OSS), serta sensus pertanahan berbasis geospasial.

Fokus berikutnya ditekankan terkait integrasi Kawasan Pertanian Pangan Berkelanjutan/Lahan Pangan Pertanian Berkelanjutan (KP2B/LP2B) dalam Rencana Tata Ruang Wilayah (RTRW), optimalisasi peran Gugus Tugas Reforma Agraria (GTRA), pengembangan Zona Nilai Tanah (ZNT), serta konsolidasi tanah untuk pembangunan daerah.

Sementara itu, Gubernur Sultra, Andi Sumangerukka, menilai sektor pertanahan dan pengelolaan barang milik daerah merupakan bidang yang sangat vital dalam penyelenggaraan pemerintahan dan pembangunan daerah. Namun, menurutnya, kedua sektor tersebut masih menghadapi berbagai persoalan kompleks.

Karena itu, Gubernur Sultra mengapresiasi pelaksanaan rakor yang dinilai dapat mendorong peningkatan kualitas layanan pertanahan sekaligus memberikan kepastian hak atas tanah bagi masyarakat. “Semoga kita semua dapat terus memperkuat komitmen bersama, meningkatkan sinergi dan kolaborasi dalam mewujudkan tata kelola pemerintahan yang bersih, transparan, dan akuntabel. Serta dapat menghadirkan pelayanan publik yang terbaik pada seluruh masyarakat di Sulawesi Tenggara,” pungkasnya.

Adapun Rakor kali ini dihadiri oleh sejumlah Pejabat Pimpinan Tinggi Pratama Kementerian ATR/BPN; Kepala Kantor Wilayah BPN Provinsi Sultra, Budi Hartanto; Bupati dan Wali Kota se-Sultra; serta para Kepala Kantor Pertanahan se-Sultra. (LS/RS)

#KementerianATRBPN
#MelayaniProfesionalTerpercaya
#MajuDanModern
#MenujuPelayananKelasDunia

Biro Hubungan Masyarakat dan Protokol
Kementerian Agraria dan Tata Ruang/
Badan Pertanahan Nasional

X: x.com/kem_atrbpn
Instagram: instagram.com/kementerian.atrbpn/
Fanpage facebook: facebook.com/kementerianATRBPN
Youtube: youtube.com/KementerianATRBPN
TikTok: tiktok.com/@kementerian.atrbpn
Situs: atrbpn.go.id
PPID: ppid.atrbpn.go.id
WhatsApp Pengaduan: 0811-1068-0000"
"Peralihan Arsip Pertanahan Elektronik sebagai Sebuah Keniscayaan, Sekjen ATR/BPN: Harus Dikelola dengan Baik","07/05/2026","https://www.atrbpn.go.id/berita/peralihan-arsip-pertanahan-elektronik-sebagai-sebuah-keniscayaan-sekjen-atrbpn-harus-dikelola-dengan-baik","https://www.atrbpn.go.id/assets/aa800155-5cd8-49a4-bb6f-1f7dc38bfa6b","Jakarta – Sekretaris Jenderal Kementerian Agraria dan Tata Ruang/Badan Pertanahan Nasional (ATR/BPN), Dalu Agung Darmawan, menegaskan bahwa peralihan arsip pertanahan ke bentuk elektronik merupakan sebuah keniscayaan. Dalam Webinar Kearsipan ATR/BPN Tahun 2026 bertema “Mewujudkan Kepastian Hukum Melalui Arsip Elektronik yang Akuntabel”, Sekjen ATR/BPN mengatakan hal tersebut menjadi krusial di tengah tuntutan transformasi digital.

“Keterbatasan ruang penyimpanan arsip fisik, risiko kerusakan, serta kebutuhan akses yang cepat dan efisien menjadikan peralihan menuju arsip elektronik sebagai sebuah keniscayaan yang memang harus kita kelola dengan baik,” ujar Dalu Agung Darmawan pada kegiatan yang berlangsung secara daring dan luring di Aula Prona Kementerian ATR/BPN, Rabu, (06/05/2026).

Ia menjelaskan bahwa arsip memiliki peran yang penting dalam penyelenggaraan pemerintahan. “Karena arsip ini bukan sekadar dokumen lama, tetapi di negara ini arsip akan menjadi alat bukti untuk mengambil keputusan untuk penyelesaian masalah dan termasuk juga untuk mendukung transparansi, akuntabilitas, dan pelayanan,” jelasnya.

Menurutnya, dalam praktik tata kelola pemerintahan, arsip kerap menjadi rujukan utama dalam penyusunan kebijakan. “Jadi kalau kita lihat, saat ini baik dalam pengambilan keputusan, pengambilan pembuatan kebijakan pasti melihat arsip-arsip yang lama seperti apa, peraturan-peraturan yang lama seperti apa,” ungkapnya.

Lebih lanjut, Dalu Agung Darmawan menekankan bahwa transformasi digital di bidang kearsipan juga menghadirkan tantangan, khususnya terkait keabsahan dan kekuatan pembuktian arsip elektronik dalam proses hukum. “Oleh karena itu, pengelolaan arsip elektronik harus dilakukan secara cermat, memenuhi prinsip autentik, utuh, terpercaya dan dapat digunakan sebagai alat pembuktian sesuai dengan ketentuan peraturan perundang-undangan,” tegasnya.

Kepala Arsip Nasional Republik Indonesia (ANRI), Mego Pinandito, yang hadir sebagai narasumber menegaskan pentingnya penguatan kompetensi dalam pengelolaan arsip digital. “Kalau kita betul-betul mengelola arsip dengan baik, maka akan ada kepastian hukum yang jelas sebagai bukti, ada transparasi, dan bukti kita sudah melaksanakan tugas-tugas itu dengan baik,” ujarnya.

Dalam kesempatan ini, Kementerian ATR/BPN memberikan penghargaan kepada satuan kerja terbaik, baik dari pusat maupun daerah, sebagai bagian dari penguatan reformasi birokrasi. Selain itu, diserahkan pula arsip statis kepada ANRI sebagai bagian dari upaya pelestarian memori kolektif bangsa.

Arsip tersebut dinilai memiliki nilai guna tinggi sebagai referensi sejarah dan penguatan tata kelola pemerintahan berbasis data. “Ini menjadi bukti komitmen kementerian dalam menjaga warisan informasi bangsa. ANRI akan terus melestarikan dan menyimpan arsip tersebut sebagai memori kolektif,” kata Mego Pinandito.

Kegiatan webinar ini dihadiri oleh para Pejabat Pimpinan Tinggi Madya dan Pratama di lingkungan Kementerian ATR/BPN dan ANRI, para Kepala Kantor Wilayah BPN Provinsi, serta diikuti seluruh jajaran pengelola kearsipan di seluruh Indonesia, baik di Kantor Wilayah maupun Kantor Pertanahan, secara luring dan daring. (LS/FA)

#KementerianATRBPN
#MelayaniProfesionalTerpercaya
#MajuDanModern
#MenujuPelayananKelasDunia

Biro Hubungan Masyarakat dan Protokol
Kementerian Agraria dan Tata Ruang/
Badan Pertanahan Nasional

X: x.com/kem_atrbpn
Instagram: instagram.com/kementerian.atrbpn/
Fanpage facebook: facebook.com/kementerianATRBPN
Youtube: youtube.com/KementerianATRBPN
TikTok: tiktok.com/@kementerian.atrbpn
Situs: atrbpn.go.id
PPID: ppid.atrbpn.go.id
WhatsApp Pengaduan: 0811-1068-0000"
"Siap Siaga Cegah Karhutla, Wamen Ossy Imbau Pemegang HGU Lakukan Tindakan Pencegahan","06/05/2026","https://www.atrbpn.go.id/berita/siap-siaga-cegah-karhutla-wamen-ossy-imbau-pemegang-hgu-lakukan-tindakan-pencegahan","https://www.atrbpn.go.id/assets/ed5fad86-b89a-447a-9d7d-1dadfda4d42d","​Palembang – Ancaman kebakaran hutan dan lahan (karhutla) yang setiap tahun berdampak pada kualitas udara, kesehatan masyarakat, dan aktivitas ekonomi menjadi perhatian serius pemerintah. Dalam Apel Kesiapsiagaan Karhutla di Palembang, Rabu (06/05/2026), Wakil Menteri Agraria dan Tata Ruang/Wakil Kepala Badan Pertanahan Nasional (Wamen ATR/Waka BPN), Ossy Dermawan, mengimbau para pemegang Hak Guna Usaha (HGU) untuk aktif melakukan langkah pencegahan kebakaran lahan.

“Oleh karena itu, kami mengimbau kepada seluruh pemegang HGU untuk wajib melakukan tindakan pencegahan kebakaran lahan sesuai ketentuan Peraturan Pemerintah Nomor 18 Tahun 2021 dan Peraturan Menteri ATR/Kepala BPN Nomor 15 Tahun 2016,” tegas Ossy Dermawan.

Dalam Peraturan Menteri ATR/Kepala BPN Nomor 15 Tahun 2016 tentang Tata Cara Pelepasan atau Pembatalan Hak Guna Usaha (HGU) atau Hak Pakai (HP), disebutkan bahwa pemegang HGU diwajibkan mengelola dan menjaga lahannya secara bertanggung jawab.

Kewajiban tersebut mencakup memelihara kesuburan tanah, mencegah kerusakan lingkungan, menyediakan sarana pengendalian kebakaran serta sumber air, hingga memastikan tata kelola lahan tetap aman dan tidak mudah terbakar.

Wamen ATR/Waka BPN juga mendorong jajaran di daerah untuk melakukan pemantauan rutin terhadap wilayah HGU yang berpotensi mengalami kebakaran. Pengawasan dilakukan dengan membandingkan data bidang HGU dengan titik panas (hotspot) yang terpantau.

Lebih lanjut, ia menegaskan bahwa pembukaan lahan dengan cara membakar tidak akan ditoleransi. Pemegang HGU yang terbukti melanggar akan dikenakan sanksi sesuai ketentuan yang berlaku. “Sanksi dapat berupa peringatan, evaluasi terhadap pemanfaatan tanah, hingga langkah administratif lainnya sesuai tingkat pelanggaran dan hasil pemeriksaan lintas instansi,” ujar Wamen Ossy.

Apel kesiapsiagaan ini dipimpin langsung oleh Menteri Koordinator Bidang Politik dan Keamanan, Djamari Chaniago. Kegiatan diawali dengan pemantauan pasukan Satgas Karhutla, serta dilanjutkan dengan demonstrasi pemadaman api menggunakan berbagai peralatan oleh petugas di lapangan. (JM/YZ)

#KementerianATRBPN
#MelayaniProfesionalTerpercaya
#MajuDanModern
#MenujuPelayananKelasDunia

Biro Hubungan Masyarakat dan Protokol
Kementerian Agraria dan Tata Ruang/
Badan Pertanahan Nasional

X: x.com/kem_atrbpn
Instagram: instagram.com/kementerian.atrbpn/
Fanpage facebook: facebook.com/kementerianATRBPN
Youtube: youtube.com/KementerianATRBPN
TikTok: tiktok.com/@kementerian.atrbpn
Situs: atrbpn.go.id
PPID: ppid.atrbpn.go.id
WhatsApp Pengaduan: 0811-1068-0000"
"Percepatan Pembangunan Infrastruktur Pantura Jawa Terpadu, Wamen Ossy Tegaskan Tiga Dukungan Utama Kementerian ATR/BPN","04/05/2026","https://www.atrbpn.go.id/berita/percepatan-pembangunan-infrastruktur-pantura-jawa-terpadu-wamen-ossy-tegaskan-tiga-dukungan-utama-kementerian-atrbpn","https://www.atrbpn.go.id/assets/02a7387d-ccc3-460a-9fc3-a846ce767318","​Jakarta - Wakil Menteri Agraria dan Tata Ruang/Wakil Kepala Badan Pertanahan Nasional (Wamen ATR/Waka BPN), Ossy Dermawan, menegaskan komitmen Kementerian ATR/BPN mendukung percepatan pembangunan Infrastruktur Perlindungan Pesisir Pantai Utara (Pantura) Jawa Terpadu. Kementerian ATR/BPN akan mengawal dari segi tata ruang, penerbitan Kesesuaian Kegiatan Pemanfaatan Ruang (KKPR), serta pengadaan tanah.

""Ada tiga hal dukungan kami dari Kementerian ATR/BPN, yang pertama adalah sinkronisasi Rencana Tata Ruang (RTR) dengan rencana induk, agar proyek ini tidak hanya visible secara teknisnya, tetapi juga sesuai secara spasial dan legalnya,"" ujar Wamen ATR/Waka BPN dalam Kick Off Meeting Infrastruktur Perlindungan Pesisir Pantura Jawa Terpadu, di Kementerian Kelautan Perikanan (KKP), Jakarta, Senin (04/05/2026).

Wamen Ossy menjelaskan, saat ini Rencana Tata Ruang Wilayah Nasional (RTRWN) tengah dalam proses revisi dan telah mengakomodasi program perlindungan pesisir, termasuk rencana pembangunan Tanggul Laut Raksasa (Giant Sea Wall). Penyesuaian juga akan dilakukan pada tingkat daerah agar selaras dengan rencana induk yang telah disusun.

Kementerian ATR/BPN juga siap mempercepat proses perizinan KKPR, sesuai kewenangan yang berlaku. “Kami siap membantu percepatan penerbitan KKPR, khususnya apabila proyek ini ditetapkan sebagai Proyek Strategis Nasional. Tentunya hal ini dilakukan dengan tetap memperhatikan pembagian kewenangan antar kementerian, baik di wilayah laut, kawasan hutan, maupun di luar kedua kawasan tersebut,” tutur Wamen Ossy.

Dalam hal pengadaan tanah, ia juga menyatakan kesiapan untuk memberikan dukungan penuh guna mendukung pembangunan infrastruktur tersebut. Wamen Ossy menyebut, dukungan dari Kementerian ATR/BPN tetap membutuhkan penguatan dari lintas sektor.

“Kami mendorong agar working group lintas kementerian dan lembaga semakin diperkuat, sehingga integrasi dan overlay peta dapat dilakukan secara optimal,” pungkas Wamen Ossy.

Dalam pertemuan ini, Menteri Koordinator Bidang Infrastruktur dan Pembangunan Kewilayahan (Menko IPK), Agus Harimurti Yudhoyono (AHY) sekaligus sebagai Ketua Dewan Pengarah Badan Otorita Pengelola Pantai Utara Jawa (BOPPJ), juga menekankan pentingnya kolaborasi lintas sektor demi pelaksanaan program ini. “Pendekatan yang kita lakukan tidak bisa parsial. Harus terintegrasi dari hulu ke hilir, dari darat hingga laut, serta melibatkan semua pihak,” ujarnya.

Kegiatan ini dihadiri oleh sejumlah Menteri/Kepala Lembaga serta Wakil Menteri/Wakil Kepala dalam Kabinet Merah Putih; serta para kepala daerah dan wakil kepala daerah dari berbagai wilayah. Turut mendampingi Wamen ATR/Waka BPN dalam acara ini, Direktur Jenderal (Dirjen) Tata Ruang, Suyus Windayana. (SG/CK)

#KementerianATRBPN
#MelayaniProfesionalTerpercaya
#MajuDanModern
#MenujuPelayananKelasDunia

Biro Hubungan Masyarakat dan Protokol
Kementerian Agraria dan Tata Ruang/
Badan Pertanahan Nasional

X: x.com/kem_atrbpn
Instagram: instagram.com/kementerian.atrbpn/
Fanpage facebook: facebook.com/kementerianATRBPN
Youtube: youtube.com/KementerianATRBPN
TikTok: tiktok.com/@kementerian.atrbpn
Situs: atrbpn.go.id
PPID: ppid.atrbpn.go.id
WhatsApp Pengaduan: 0811-1068-0000"
"Cerita Warga Semarang Mengurus Roya Hanya Lima Menit Jadi","04/05/2026","https://www.atrbpn.go.id/berita/cerita-warga-semarang-mengurus-roya-hanya-lima-menit-jadi","https://www.atrbpn.go.id/assets/e3fe94e2-b727-4a1a-8141-b927a3474167","​Kabupaten Semarang - Peningkatan kualitas layanan pertanahan mulai dirasakan manfaatnya oleh masyarakat. Di Kabupaten Semarang, layanan penghapusan hak tanggungan yang juga disebut roya bahkan bisa selesai hanya dalam hitungan menit.

Suparmi (61), warga asal Kecamatan Suruh, Kabupaten Semarang untuk pertama kalinya mengurus urusan tanahnya sendiri ke Kantor Pertanahan. Dengan program Roya Layanan Lima Menit (RALALI), ia langsung terkagum dengan perkembangan layanan pertanahan sekarang.

“Saya datang sekitar pukul sembilan pagi, proses di loket hanya sekitar lima menit saja, dan penghapusan hak tanggungannya sangat cepat,” ujar Suparmi usai menyelesaikan pengajuan berkas permohonan di Kantor Pertanahan (Kantah) Kabupaten Semarang.

Sebelum mengurus roya, Suparmi sempat datang ke Kantah Kabupaten Semarang untuk mencari informasi terkait syarat penghapusan hak tanggungan atas sertipikatnya. Setelah memperoleh informasi dan melengkapi seluruh dokumen permohonan, barulah ia datang kembali untuk menyerahkan berkas dan memproses roya sertipikatnya.

“Setelah berkas dinyatakan lengkap, saya hanya membayar Surat Perintah Setor (SPS) dan berkas langsung diproses dengan sangat cepat,” ungkap Suparmi.

Kepala Kantah Kabupaten Semarang, Wahyu Setyoko, menyatakan bahwa program RALALI merupakan inovasi layanan pertanahan di Provinsi Jawa Tengah yang diinisiasi untuk mempercepat proses administrasi roya. Dengan layanan ini waktu pelayanan di loket per pemohon berkisar tiga hingga lima menit.

Sebagai bentuk keberpihakan kepada masyarakat, Kantah Kabupaten Semarang juga menyediakan jalur khusus berkarpet merah bagi pemohon tanpa kuasa. Dengan loket khusus tersebut masyarakat bisa mendapatkan layanan prioritas yang lebih cepat, nyaman, dan transparan.

“Kepada seluruh masyarakat di Kabupaten Semarang, jangan ragu, bisa langsung datang dan urus sendiri layanan pertanahannya ke Kantah” pungkas Wahyu Setyoko. (SG/KR)

#KementerianATRBPN
#MelayaniProfesionalTerpercaya
#MajuDanModern
#MenujuPelayananKelasDunia

Biro Hubungan Masyarakat dan Protokol
Kementerian Agraria dan Tata Ruang/
Badan Pertanahan Nasional

X: x.com/kem_atrbpn
Instagram: instagram.com/kementerian.atrbpn/
Fanpage facebook: facebook.com/kementerianATRBPN
Youtube: youtube.com/KementerianATRBPN
TikTok: tiktok.com/@kementerian.atrbpn
Situs: atrbpn.go.id
PPID: ppid.atrbpn.go.id
WhatsApp Pengaduan: 0811-1068-0000"
"Tak Serumit yang Dibayangkan, Warga Buktikan Urus Sertipikat Tanah Sendiri Lebih Mudah","04/05/2026","https://www.atrbpn.go.id/berita/tak-serumit-yang-dibayangkan-warga-buktikan-urus-sertipikat-tanah-sendiri-lebih-mudah","https://www.atrbpn.go.id/assets/f4cabca1-616f-4519-8dc9-ad4ac5ee98b0","Kabupaten Tangerang - Mengurus sertipikat tanah secara mandiri semakin menjadi pilihan masyarakat. Dengan datang langsung ke Kantor Pertanahan, masyarakat dapat mengetahui alur, persyaratan, hingga estimasi proses secara lebih transparan, sekaligus menghindari risiko penipuan jika menggunakan calo.

Pengalaman itu dirasakan oleh Zakia (48), warga dari Kabupaten Tangerang yang pernah coba menggunakan jasa calo untuk membantunya menyelesaikan urusan tanahnya. Namun, informasi yang ia peroleh justru membuat urusannya tak selesai.

“Saya mau mengurus perbaikan nama di sertipikat lewat kuasa, tapi bermasalah. Sudah sejak tahun lalu tidak selesai. Akhirnya saya putuskan urus sendiri. Setelah saya datang langsung, ternyata dijelaskan cukup melengkapi dokumen seperti KTP dan KK, lalu mengikuti alur yang ada di loket,” ungkap Zakia saat ditemui di Kantor Pertanahan Kabupaten Tangerang.

Awalnya, Zakia sempat membayangkan pelayanan yang berbelit dan harus berpindah-pindah loket. Namun setelah datang langsung, layanan yang diterima justru berbeda dari yang dibayangkan.

“Tadinya saya agak cemas karena belum pernah urus sendiri. Tapi setelah datang, ternyata prosesnya tidak rumit, tempatnya nyaman, dan petugasnya juga komunikatif. Saya sempat berpikir harus mencari tahu sendiri alurnya, tapi justru sejak awal sudah dibantu dan diarahkan,” ujar Zakia.

Dari hasil konsultasi dengan petugas loket di Kantor Pertanahan, Zakia mendapatkan bukan hanya kejelasan, namun juga ketenangan setelah paham proses perbaikan data tidak serumit yang diperkirakan. Seluruh informasi itu ia dapatkan hanya dengan sekali mendatangi satu loket di Kantor Pertanahan.

Pengalaman serupa juga dirasakan oleh Febri (37), yang tengah mengurus peningkatan status sertipikat rumahnya dari Hak Guna Bangunan (HGB) menjadi Hak Milik (HM). Ia memilih mengurus sendiri karena merasa tidak memerlukan jasa perantara yang justru menambah biaya.

Febri menuturkan, informasi terkait tahapan layanan hingga mekanisme pembayaran disampaikan secara jelas sehingga membuatnya lebih yakin untuk mengurus peningkatan status tanahnya secara mandiri. “Karena ini tanah milik saya sendiri, saya tidak perlu kuasa atau calo karena pasti ada biaya tambahan. Kebetulan saya punya waktu, jadi lebih baik urus sendiri. Pelayanannya juga bagus,” tuturnya.

Kementerian ATR/BPN terus mendorong masyarakat untuk memanfaatkan layanan pertanahan secara mandiri. Selain pada hari kerja umum, yaitu Senin-Jumat, Kementerian ATR/BPN juga sudah menyediakan Pelayanan Tanah Akhir Pekan (PELATARAN). Layanan ini berlangsung pada Sabtu-Minggu yang dikhususkan bagi masyarakat mengurus urusan tanah secara mandiri. (DR/JR)

#KementerianATRBPN
#MelayaniProfesionalTerpercaya
#MajuDanModern
#MenujuPelayananKelasDunia

Biro Hubungan Masyarakat dan Protokol
Kementerian Agraria dan Tata Ruang/
Badan Pertanahan Nasional

X: x.com/kem_atrbpn
Instagram: instagram.com/kementerian.atrbpn/
Fanpage facebook: facebook.com/kementerianATRBPN
Youtube: youtube.com/KementerianATRBPN
TikTok: tiktok.com/@kementerian.atrbpn
Situs: atrbpn.go.id
PPID: ppid.atrbpn.go.id
WhatsApp Pengaduan: 0811-1068-0000​"
"Beri Kuliah Umum di UNWAHAS, Menteri Nusron Ingin Ciptakan Restrukturisasi Distribusi Tanah","02/05/2026","https://www.atrbpn.go.id/berita/beri-kuliah-umum-di-unwahas-menteri-nusron-ingin-ciptakan-restrukturisasi-distribusi-tanah","https://www.atrbpn.go.id/assets/4fa56ce2-8e8a-4442-9d3e-777adf6c4781","​Semarang - Menteri Agraria dan Tata Ruang/Kepala Badan Pertanahan Nasional (ATR/BPN), Nusron Wahid, memberikan kuliah umum kepada mahasiswa Universitas Wahid Hasyim (UNWAHAS), Semarang, Jawa Tengah, Sabtu (02/05/2026). Dalam kesempatan ini, ia menegaskan komitmennya untuk menciptakan restrukturisasi distribusi tanah guna mendorong pemerataan ekonomi sesuai dengan arahan Presiden Prabowo Subianto.

“Sebelum dilantik saya dipanggil Pak Presiden untuk menciptakan restrukturisasi distribusi tanah yang lebih mengedepankan keadilan, pemerataan, dan keberlanjutan ekonomi. Tiga kata itu kuncinya,” ujar Menteri Nusron di hadapan peserta kuliah umum yang terdiri dari 20 dosen dan 80 mahasiswa yang hadir dari berbagai fakultas di UNWAHAS.

Ia menjelaskan, restrukturisasi distribusi tanah menjadi penting karena masih adanya ketimpangan dalam penguasaan tanah di Indonesia. Menurutnya, sebagian besar tanah masih dikuasai oleh kelompok tertentu, sehingga akses masyarakat terhadap tanah sebagai sumber ekonomi belum merata.

Mengacu pada pemikiran ekonom Hernando de Soto melalui konsep legal access, Menteri Nusron menekankan bahwa akses terhadap tanah merupakan faktor utama dalam mengentaskan kemiskinan. “Bagaimana seseorang bisa keluar dari kemiskinan jika tidak memiliki akses paling dasar, yaitu tanah,” katanya.

Lebih lanjut, ia menegaskan bahwa kebijakan yang dijalankan tidak hanya berfokus pada pemerataan, tetapi juga menjaga keberlanjutan ekonomi. Karena itu, pemerintah tidak akan mematikan pelaku usaha besar, namun tetap mendorong kelompok kecil untuk berkembang.

“Adil saja tidak cukup, merata saja tidak cukup, kalau tidak ada keberlanjutan ekonomi. Yang kecil harus menjadi besar, dan yang belum punya akses harus diberikan kesempatan,” tambahnya.

Kuliah umum yang diikuti secara antusias oleh mahasiswa UNWAHAS ini, turut dihadiri Ketua Umum Yayasan Wahid Hasyim Semarang, Noor Achmad; Rektor Universitas Wahid Hasyim, Helmy Purwanto; Kepala Biro Hubungan Masyarakat dan Protokol, Shamy Ardian; serta Plt. Kepala Kantor Wilayah BPN Provinsi Jawa Tengah Kartono Agustiyanto beserta jajaran. (MW/FA)

#KementerianATRBPN
#MelayaniProfesionalTerpercaya
#MajuDanModern
#MenujuPelayananKelasDunia

Biro Hubungan Masyarakat dan Protokol
Kementerian Agraria dan Tata Ruang/
Badan Pertanahan Nasional

X: x.com/kem_atrbpn
Instagram: instagram.com/kementerian.atrbpn/
Fanpage facebook: facebook.com/kementerianATRBPN
Youtube: youtube.com/KementerianATRBPN
TikTok: tiktok.com/@kementerian.atrbpn
Situs: atrbpn.go.id
PPID: ppid.atrbpn.go.id
WhatsApp Pengaduan: 0811-1068-0000"
"Raker MUI, Nusron Wahid Tekankan Keseimbangan Sistem Penanggulangan Bencana","01/05/2026","https://www.atrbpn.go.id/berita/raker-mui-nusron-wahid-tekankan-keseimbangan-sistem-penanggulangan-bencana","https://www.atrbpn.go.id/assets/6860610f-36f7-43df-8a77-a42759ef854b","​Cikeas - Menteri Agraria dan Tata Ruang/Kepala Badan Pertanahan Nasional (ATR/BPN), Nusron Wahid, menghadiri Rapat Kerja (Raker) Lembaga Advokasi dan Koordinasi Penanggulangan Bencana Majelis Ulama Indonesia (LAK-PB MUI) pada Jumat (01/05/2026). Dalam kesempatan tersebut, Menteri Nusron menyoroti pentingnya keseimbangan dalam perencanaan penanggulangan bencana di Indonesia.

“Karena kalau kita perencanaannya kuat, implementasinya tidak kuat, dananya tidak kuat, nanti juga dampaknya tidak mungkin bisa terlaksana dengan baik,” ujar Menteri Nusron di Kantor Badan Pengembangan Sumber Daya Manusia (BPSDM) Kementerian ATR/BPN, Cikeas, Jawa Barat.

Sejalan dengan tema Raker, yaitu “Membangun Sistem Penanggulangan Bencana: Sinergi, Cepat, dan Tangguh”, Menteri Nusron menggarisbawahi pentingnya penguatan kapasitas sumber daya manusia (SDM). Untuk membuat sistem penanggulangan bencana yang tangguh, ia juga mendorong agar setiap lembaga bekerja sesuai fokus dan keunggulannya masing-masing

“Dalam hal penanggulangan bencana adalah terlebih dahulu selain perencanaan ini adalah pertama saya minta pelatihan SDM,” ucap Menteri ATR/Kepala BPN.

Di hadapan para Pengurus MUI, Menteri Nusron yang juga menjabat sebagai Ketua MUI Bidang Penanggulangan Bencana, menjelaskan tahapan penanganan bencana secara garis besar. “Kalau kita lihat bencana itu kan ada tahap-tahapnya, pertama evakuasi, kedua tanggap darurat dan ketiga adalah recovery dan rehabilitasi,” ungkapnya.

Melihat kondisi geografis Indonesia yang berada di kawasan rawan bencana, Sekretaris Jenderal MUI, Amirsyah Tambunan, menyadari betapa pentingnya membangun sistem penanggulan bencana. “Seperti kita ketahui bahwa Indonesia ini jalur cincin api pasifiknya begitu sangat kental sekali. Karena itu kenapa Indonesia bencana tinggi,” pungkasnya.

Untuk itu, dengan dukungan Kementerian ATR/BPN, lembaga keagamaan ini berharap dapat berkontribusi mempermudah penyelesaian berbagai persoalan yang dihadapi pemerintah. Terutama, dalam hal penanggulangan bencana banjir, longsor, cuaca ekstrem, dan bencana geologi seperti tsunami.

Usai pembahasan materi selesai, di akhir Raker kali ini, dilakukan penyerahan atribut dari Ketua Lembaga Advokasi dan Koordinasi Penanggulangan Bencana MUI, Hasan Basri Sagala, kepada Menteri ATR/Kepala BPN, Nusron Wahid. Hadir dalam Raker ini, Bendahara Umum MUI, Misbahul Ulum, beserta jajaran Pengurus MUI lainnya. (JR/CK)

#KementerianATRBPN
#MelayaniProfesionalTerpercaya
#MajuDanModern
#MenujuPelayananKelasDunia

Biro Hubungan Masyarakat dan Protokol
Kementerian Agraria dan Tata Ruang/
Badan Pertanahan Nasional

X: x.com/kem_atrbpn
Instagram: instagram.com/kementerian.atrbpn/
Fanpage facebook: facebook.com/kementerianATRBPN
Youtube: youtube.com/KementerianATRBPN
TikTok: tiktok.com/@kementerian.atrbpn
Situs: atrbpn.go.id
PPID: ppid.atrbpn.go.id
WhatsApp Pengaduan: 0811-1068-0000"
